[2026-05-16T05:14:14.720Z] {"timestamp":1778908452691,"level":"DEBUG","args":["[Manus] Debug collector initialized (no rrweb, UI events only)"],"stack":null}
[2026-05-16T05:14:14.720Z] {"timestamp":1778908452740,"level":"DEBUG","args":["[vite] connected."],"stack":null}
[2026-05-16T05:23:40.261Z] {"timestamp":1778909015233,"level":"DEBUG","args":["[Manus] Debug collector initialized (no rrweb, UI events only)"],"stack":null}
[2026-05-16T05:23:42.304Z] {"timestamp":1778909020292,"level":"DEBUG","args":["[vite] connected."],"stack":null}
[2026-05-16T05:23:51.455Z] {"timestamp":1778908465934,"level":"LOG","args":["[vite] server connection lost. Polling for restart..."],"stack":null}
[2026-05-19T08:33:31.690Z] {"timestamp":1779179609646,"level":"DEBUG","args":["[Manus] Debug collector initialized (no rrweb, UI events only)"],"stack":null}
[2026-05-19T08:33:33.656Z] {"timestamp":1779179611678,"level":"DEBUG","args":["[vite] connected."],"stack":null}
[2026-05-19T08:43:13.146Z] {"timestamp":1779180191022,"level":"DEBUG","args":["[Manus] Debug collector initialized (no rrweb, UI events only)"],"stack":null}
[2026-05-19T08:43:13.146Z] {"timestamp":1779180192481,"level":"DEBUG","args":["[vite] connected."],"stack":null}
[2026-05-19T08:43:16.696Z] {"timestamp":1779180181628,"level":"LOG","args":["[vite] server connection lost. Polling for restart..."],"stack":null}
[2026-05-19T08:59:03.662Z] {"timestamp":1779181141627,"level":"DEBUG","args":["[Manus] Debug collector initialized (no rrweb, UI events only)"],"stack":null}
[2026-05-19T08:59:03.662Z] {"timestamp":1779181141665,"level":"DEBUG","args":["[vite] connected."],"stack":null}
[2026-05-19T08:59:16.703Z] {"timestamp":1779180695928,"level":"LOG","args":["[vite] server connection lost. Polling for restart..."],"stack":null}
[2026-05-19T09:10:23.647Z] {"timestamp":1779181823089,"level":"DEBUG","args":["[vite]","hot updated: /src/App.tsx"],"stack":null}
[2026-05-19T09:10:23.647Z] {"timestamp":1779181823090,"level":"DEBUG","args":["[vite]","hot updated: /src/index.css"],"stack":null}
[2026-05-19T09:10:47.636Z] {"timestamp":1779181847404,"level":"DEBUG","args":["[vite]","hot updated: /src/index.css"],"stack":null}
[2026-05-19T09:11:11.705Z] {"timestamp":1779181870892,"level":"DEBUG","args":["[vite]","hot updated: /src/index.css"],"stack":null}
[2026-05-19T09:11:11.705Z] {"timestamp":1779181870893,"level":"DEBUG","args":["[vite]","hot updated: /src/components/PremiumHero.tsx"],"stack":null}
[2026-05-19T09:11:37.635Z] {"timestamp":1779181896919,"level":"DEBUG","args":["[vite]","hot updated: /src/pages/Home.tsx"],"stack":null}
[2026-05-19T09:11:37.635Z] {"timestamp":1779181896919,"level":"DEBUG","args":["[vite]","hot updated: /src/index.css"],"stack":null}
[2026-05-19T09:13:38.067Z] {"timestamp":1779182016049,"level":"DEBUG","args":["[Manus] Debug collector initialized (no rrweb, UI events only)"],"stack":null}
[2026-05-19T09:13:38.067Z] {"timestamp":1779182016077,"level":"DEBUG","args":["[vite] connected."],"stack":null}
[2026-05-19T09:14:04.078Z] {"timestamp":1779182044016,"level":"DEBUG","args":["[vite]","hot updated: /src/index.css"],"stack":null}
[2026-05-19T09:14:57.474Z] {"timestamp":1779182095455,"level":"DEBUG","args":["[Manus] Debug collector initialized (no rrweb, UI events only)"],"stack":null}
[2026-05-19T09:14:57.475Z] {"timestamp":1779182095468,"level":"DEBUG","args":["[vite] connected."],"stack":null}
[2026-05-19T09:30:28.717Z] {"timestamp":1779183026690,"level":"DEBUG","args":["[Manus] Debug collector initialized (no rrweb, UI events only)"],"stack":null}
[2026-05-19T09:30:28.717Z] {"timestamp":1779183026776,"level":"DEBUG","args":["[vite] connected."],"stack":null}
[2026-05-19T09:41:35.088Z] {"timestamp":1779183691960,"level":"DEBUG","args":["[Manus] Debug collector initialized (no rrweb, UI events only)"],"stack":null}
[2026-05-19T09:41:37.640Z] {"timestamp":1779183695084,"level":"DEBUG","args":["[vite] connected."],"stack":null}
[2026-05-19T10:08:46.903Z] {"timestamp":1779183729310,"level":"LOG","args":["[vite] server connection lost. Polling for restart..."],"stack":null}
[2026-05-19T10:08:52.297Z] {"timestamp":1779185330287,"level":"DEBUG","args":["[Manus] Debug collector initialized (no rrweb, UI events only)"],"stack":null}
[2026-05-19T10:08:52.297Z] {"timestamp":1779185330916,"level":"DEBUG","args":["[vite] connected."],"stack":null}
[2026-05-19T10:08:53.054Z] {"timestamp":1779185331040,"level":"DEBUG","args":["[Manus] Debug collector initialized (no rrweb, UI events only)"],"stack":null}
[2026-05-19T10:08:53.054Z] {"timestamp":1779185331852,"level":"DEBUG","args":["[vite] connected."],"stack":null}
[2026-05-19T10:09:49.059Z] {"timestamp":1779185388419,"level":"DEBUG","args":["[vite]","hot updated: /src/index.css"],"stack":null}
[2026-05-19T10:09:49.059Z] {"timestamp":1779185388421,"level":"DEBUG","args":["[vite]","hot updated: /src/components/PremiumHero.tsx"],"stack":null}
[2026-05-19T10:09:50.298Z] {"timestamp":1779185388435,"level":"DEBUG","args":["[vite]","hot updated: /src/index.css"],"stack":null}
[2026-05-19T10:09:50.298Z] {"timestamp":1779185388436,"level":"DEBUG","args":["[vite]","hot updated: /src/components/PremiumHero.tsx"],"stack":null}
[2026-05-19T13:07:42.859Z] {"timestamp":1779185629429,"level":"LOG","args":["[vite] server connection lost. Polling for restart..."],"stack":null}
[2026-05-19T13:07:42.943Z] {"timestamp":1779185629430,"level":"LOG","args":["[vite] server connection lost. Polling for restart..."],"stack":null}
[2026-05-19T13:25:02.087Z] {"timestamp":1779197100073,"level":"DEBUG","args":["[Manus] Debug collector initialized (no rrweb, UI events only)"],"stack":null}
[2026-05-19T13:25:02.087Z] {"timestamp":1779197100094,"level":"DEBUG","args":["[vite] connected."],"stack":null}
[2026-05-19T13:25:02.871Z] {"timestamp":1779197100852,"level":"DEBUG","args":["[Manus] Debug collector initialized (no rrweb, UI events only)"],"stack":null}
[2026-05-19T13:25:02.871Z] {"timestamp":1779197101376,"level":"DEBUG","args":["[vite] connected."],"stack":null}
[2026-05-23T13:24:58.068Z] {"timestamp":1779542696057,"level":"DEBUG","args":["[Manus] Debug collector initialized (no rrweb, UI events only)"],"stack":null}
[2026-05-23T13:24:58.068Z] {"timestamp":1779542696087,"level":"DEBUG","args":["[vite] connected."],"stack":null}
[2026-05-23T14:00:39.326Z] {"timestamp":1779544837307,"level":"DEBUG","args":["[Manus] Debug collector initialized (no rrweb, UI events only)"],"stack":null}
[2026-05-23T14:00:39.326Z] {"timestamp":1779544837318,"level":"DEBUG","args":["[vite] connected."],"stack":null}
[2026-05-24T05:11:18.402Z] {"timestamp":1779599476391,"level":"DEBUG","args":["[Manus] Debug collector initialized (no rrweb, UI events only)"],"stack":null}
[2026-05-24T05:11:18.402Z] {"timestamp":1779599476412,"level":"DEBUG","args":["[vite] connected."],"stack":null}
[2026-05-24T05:21:20.902Z] {"timestamp":1779600078875,"level":"DEBUG","args":["[Manus] Debug collector initialized (no rrweb, UI events only)"],"stack":null}
[2026-05-24T05:21:20.902Z] {"timestamp":1779600078903,"level":"DEBUG","args":["[vite] connected."],"stack":null}
[2026-05-24T05:38:21.876Z] {"timestamp":1779601099858,"level":"DEBUG","args":["[Manus] Debug collector initialized (no rrweb, UI events only)"],"stack":null}
[2026-05-24T05:38:21.876Z] {"timestamp":1779601099868,"level":"DEBUG","args":["[vite] connected."],"stack":null}
[2026-05-24T05:38:41.457Z] {"timestamp":1779600102937,"level":"LOG","args":["[vite] server connection lost. Polling for restart..."],"stack":null}
[2026-05-24T05:43:23.630Z] {"timestamp":1779601401619,"level":"DEBUG","args":["[Manus] Debug collector initialized (no rrweb, UI events only)"],"stack":null}
[2026-05-24T05:43:23.630Z] {"timestamp":1779601401626,"level":"DEBUG","args":["[vite] connected."],"stack":null}
[2026-05-24T05:44:05.545Z] {"timestamp":1779601123888,"level":"LOG","args":["[vite] server connection lost. Polling for restart..."],"stack":null}
[2026-05-24T05:46:04.729Z] {"timestamp":1779601541348,"level":"DEBUG","args":["[vite]","hot updated: /src/pages/Home.tsx"],"stack":null}
[2026-05-24T05:46:04.729Z] {"timestamp":1779601541348,"level":"DEBUG","args":["[vite]","hot updated: /src/index.css"],"stack":null}
[2026-05-24T05:46:04.729Z] {"timestamp":1779601556307,"level":"DEBUG","args":["[vite]","hot updated: /src/index.css"],"stack":null}
[2026-05-24T05:46:04.729Z] {"timestamp":1779601556308,"level":"DEBUG","args":["[vite]","hot updated: /src/components/PremiumHero.tsx"],"stack":null}
[2026-05-24T05:46:38.728Z] {"timestamp":1779601596703,"level":"DEBUG","args":["[Manus] Debug collector initialized (no rrweb, UI events only)"],"stack":null}
[2026-05-24T05:46:38.728Z] {"timestamp":1779601596719,"level":"DEBUG","args":["[vite] connected."],"stack":null}
[2026-05-24T05:49:04.737Z] {"timestamp":1779601721359,"level":"DEBUG","args":["[vite]","hot updated: /src/index.css"],"stack":null}
[2026-05-24T05:49:04.737Z] {"timestamp":1779601721360,"level":"DEBUG","args":["[vite]","hot updated: /src/components/PremiumHero.tsx"],"stack":null}
[2026-05-24T05:49:04.740Z] {"timestamp":1779601721357,"level":"DEBUG","args":["[vite]","hot updated: /src/index.css"],"stack":null}
[2026-05-24T05:49:04.741Z] {"timestamp":1779601721357,"level":"DEBUG","args":["[vite]","hot updated: /src/components/PremiumHero.tsx"],"stack":null}
[2026-05-24T05:49:13.738Z] {"timestamp":1779601751729,"level":"DEBUG","args":["[Manus] Debug collector initialized (no rrweb, UI events only)"],"stack":null}
[2026-05-24T05:49:13.738Z] {"timestamp":1779601751732,"level":"DEBUG","args":["[vite] connected."],"stack":null}
[2026-05-24T05:50:34.736Z] {"timestamp":1779601832903,"level":"DEBUG","args":["[vite]","hot updated: /src/index.css"],"stack":null}
[2026-05-24T05:50:34.736Z] {"timestamp":1779601832904,"level":"DEBUG","args":["[vite]","hot updated: /src/components/PremiumHero.tsx"],"stack":null}
[2026-05-24T05:51:04.729Z] {"timestamp":1779601832309,"level":"DEBUG","args":["[vite]","hot updated: /src/index.css"],"stack":null}
[2026-05-24T05:51:04.729Z] {"timestamp":1779601832310,"level":"DEBUG","args":["[vite]","hot updated: /src/components/PremiumHero.tsx"],"stack":null}
[2026-05-24T05:51:04.730Z] {"timestamp":1779601832304,"level":"DEBUG","args":["[vite]","hot updated: /src/index.css"],"stack":null}
[2026-05-24T05:51:04.730Z] {"timestamp":1779601832304,"level":"DEBUG","args":["[vite]","hot updated: /src/components/PremiumHero.tsx"],"stack":null}
[2026-05-24T05:51:38.221Z] {"timestamp":1779601896198,"level":"DEBUG","args":["[Manus] Debug collector initialized (no rrweb, UI events only)"],"stack":null}
[2026-05-24T05:51:38.221Z] {"timestamp":1779601896201,"level":"DEBUG","args":["[vite] connected."],"stack":null}
[2026-05-24T05:51:52.913Z] {"timestamp":1779601910892,"level":"DEBUG","args":["[Manus] Debug collector initialized (no rrweb, UI events only)"],"stack":null}
[2026-05-24T05:51:52.913Z] {"timestamp":1779601910907,"level":"DEBUG","args":["[vite] connected."],"stack":null}
[2026-05-24T05:54:04.736Z] {"timestamp":1779602016941,"level":"DEBUG","args":["[vite]","hot updated: /src/index.css"],"stack":null}
[2026-05-24T05:54:04.736Z] {"timestamp":1779602016942,"level":"DEBUG","args":["[vite]","hot updated: /src/components/PremiumHero.tsx"],"stack":null}
[2026-05-24T05:54:50.823Z] {"timestamp":1779602088812,"level":"DEBUG","args":["[Manus] Debug collector initialized (no rrweb, UI events only)"],"stack":null}
[2026-05-24T05:54:50.824Z] {"timestamp":1779602088815,"level":"DEBUG","args":["[vite] connected."],"stack":null}
[2026-05-24T05:54:55.514Z] {"timestamp":1779602093504,"level":"DEBUG","args":["[Manus] Debug collector initialized (no rrweb, UI events only)"],"stack":null}
[2026-05-24T05:54:55.514Z] {"timestamp":1779602093519,"level":"DEBUG","args":["[vite] connected."],"stack":null}
[2026-05-24T05:57:14.825Z] {"timestamp":1779602112392,"level":"LOG","args":["[vite] server connection lost. Polling for restart..."],"stack":null}
[2026-05-24T05:57:17.002Z] {"timestamp":1779602234894,"level":"DEBUG","args":["[Manus] Debug collector initialized (no rrweb, UI events only)"],"stack":null}
[2026-05-24T05:57:17.002Z] {"timestamp":1779602236841,"level":"DEBUG","args":["[vite] connected."],"stack":null}
[2026-05-24T05:58:07.740Z] {"timestamp":1779602254949,"level":"LOG","args":["[vite] server connection lost. Polling for restart..."],"stack":null}
[2026-05-24T05:58:13.153Z] {"timestamp":1779602291133,"level":"DEBUG","args":["[Manus] Debug collector initialized (no rrweb, UI events only)"],"stack":null}
[2026-05-24T05:58:13.153Z] {"timestamp":1779602291157,"level":"DEBUG","args":["[vite] connected."],"stack":null}
[2026-05-24T05:58:49.459Z] {"timestamp":1779602112392,"level":"LOG","args":["[vite] server connection lost. Polling for restart..."],"stack":null}
[2026-05-24T05:59:06.930Z] {"timestamp":1779602344916,"level":"DEBUG","args":["[Manus] Debug collector initialized (no rrweb, UI events only)"],"stack":null}
[2026-05-24T05:59:06.930Z] {"timestamp":1779602344927,"level":"DEBUG","args":["[vite] connected."],"stack":null}
[2026-05-24T17:46:38.358Z] {"timestamp":1779644796336,"level":"DEBUG","args":["[Manus] Debug collector initialized (no rrweb, UI events only)"],"stack":null}
[2026-05-24T17:46:38.358Z] {"timestamp":1779644796367,"level":"DEBUG","args":["[vite] connected."],"stack":null}
[2026-05-24T17:47:07.229Z] {"timestamp":1779602369460,"level":"LOG","args":["[vite] server connection lost. Polling for restart..."],"stack":null}
[2026-05-24T17:47:07.294Z] {"timestamp":1779602369460,"level":"LOG","args":["[vite] server connection lost. Polling for restart..."],"stack":null}
[2026-05-24T17:54:48.544Z] {"timestamp":1779645286516,"level":"DEBUG","args":["[Manus] Debug collector initialized (no rrweb, UI events only)"],"stack":null}
[2026-05-24T17:54:48.544Z] {"timestamp":1779645286543,"level":"DEBUG","args":["[vite] connected."],"stack":null}
[2026-05-24T17:57:40.017Z] {"timestamp":1779645457996,"level":"DEBUG","args":["[Manus] Debug collector initialized (no rrweb, UI events only)"],"stack":null}
[2026-05-24T17:57:40.017Z] {"timestamp":1779645458012,"level":"DEBUG","args":["[vite] connected."],"stack":null}
[2026-05-24T17:57:44.818Z] {"timestamp":1779645436431,"level":"LOG","args":["[vite] server connection lost. Polling for restart..."],"stack":null}
[2026-05-24T18:05:10.367Z] {"timestamp":1779645908338,"level":"DEBUG","args":["[Manus] Debug collector initialized (no rrweb, UI events only)"],"stack":null}
[2026-05-24T18:05:10.367Z] {"timestamp":1779645910356,"level":"DEBUG","args":["[vite] connected."],"stack":null}
[2026-05-24T18:10:22.200Z] {"timestamp":1779645926685,"level":"LOG","args":["[vite] server connection lost. Polling for restart..."],"stack":null}
[2026-05-24T18:10:24.890Z] {"timestamp":1779646222280,"level":"DEBUG","args":["[Manus] Debug collector initialized (no rrweb, UI events only)"],"stack":null}
[2026-05-24T18:10:24.890Z] {"timestamp":1779646224066,"level":"DEBUG","args":["[vite] connected."],"stack":null}
[2026-05-24T18:12:51.566Z] {"timestamp":1779646369239,"level":"DEBUG","args":["[Manus] Debug collector initialized (no rrweb, UI events only)"],"stack":null}
[2026-05-24T18:12:51.567Z] {"timestamp":1779646369246,"level":"DEBUG","args":["[vite] connected."],"stack":null}
[2026-05-24T18:14:16.046Z] {"timestamp":1779646429857,"level":"LOG","args":["[vite] server connection lost. Polling for restart..."],"stack":null}
[2026-05-24T18:14:18.362Z] {"timestamp":1779646456143,"level":"DEBUG","args":["[Manus] Debug collector initialized (no rrweb, UI events only)"],"stack":null}
[2026-05-24T18:14:18.362Z] {"timestamp":1779646457567,"level":"DEBUG","args":["[vite] connected."],"stack":null}
[2026-05-24T18:14:32.056Z] {"timestamp":1779646470045,"level":"DEBUG","args":["[Manus] Debug collector initialized (no rrweb, UI events only)"],"stack":null}
[2026-05-24T18:14:32.056Z] {"timestamp":1779646470048,"level":"DEBUG","args":["[vite] connected."],"stack":null}
[2026-05-24T18:14:36.054Z] {"timestamp":1779646475731,"level":"DEBUG","args":["[vite]","hot updated: /src/pages/Home.tsx"],"stack":null}
[2026-05-24T18:14:36.054Z] {"timestamp":1779646475731,"level":"DEBUG","args":["[vite]","hot updated: /src/index.css"],"stack":null}
[2026-05-24T18:14:36.054Z] {"timestamp":1779646475822,"level":"DEBUG","args":["[vite]","hot updated: /src/pages/Home.tsx"],"stack":null}
[2026-05-24T18:14:36.054Z] {"timestamp":1779646475822,"level":"DEBUG","args":["[vite]","hot updated: /src/index.css"],"stack":null}
[2026-05-24T18:14:36.937Z] {"timestamp":1779646475760,"level":"DEBUG","args":["[vite]","hot updated: /src/pages/Home.tsx"],"stack":null}
[2026-05-24T18:14:36.937Z] {"timestamp":1779646475760,"level":"DEBUG","args":["[vite]","hot updated: /src/index.css"],"stack":null}
[2026-05-24T18:14:36.937Z] {"timestamp":1779646475771,"level":"DEBUG","args":["[vite]","hot updated: /src/pages/Home.tsx"],"stack":null}
[2026-05-24T18:14:36.937Z] {"timestamp":1779646475771,"level":"DEBUG","args":["[vite]","hot updated: /src/index.css"],"stack":null}
[2026-05-24T18:15:04.593Z] {"timestamp":1779646429857,"level":"LOG","args":["[vite] server connection lost. Polling for restart..."],"stack":null}
[2026-05-24T18:15:40.581Z] {"timestamp":1779646523346,"level":"LOG","args":["[vite] server connection lost. Polling for restart..."],"stack":null}
[2026-05-24T18:15:45.993Z] {"timestamp":1779646543976,"level":"DEBUG","args":["[Manus] Debug collector initialized (no rrweb, UI events only)"],"stack":null}
[2026-05-24T18:15:45.993Z] {"timestamp":1779646544002,"level":"DEBUG","args":["[vite] connected."],"stack":null}
[2026-05-24T18:16:04.575Z] {"timestamp":1779646523343,"level":"LOG","args":["[vite] server connection lost. Polling for restart..."],"stack":null}
[2026-05-24T18:16:52.580Z] {"timestamp":1779646610185,"level":"DEBUG","args":["[Manus] Debug collector initialized (no rrweb, UI events only)"],"stack":null}
[2026-05-24T18:16:52.580Z] {"timestamp":1779646610192,"level":"DEBUG","args":["[vite] connected."],"stack":null}
[2026-05-26T15:14:01.756Z] {"timestamp":1779808439729,"level":"DEBUG","args":["[Manus] Debug collector initialized (no rrweb, UI events only)"],"stack":null}
[2026-05-26T15:14:01.756Z] {"timestamp":1779808439742,"level":"DEBUG","args":["[vite] connected."],"stack":null}
[2026-05-26T15:14:01.756Z] {"timestamp":1779808439782,"level":"INFO","args":["%cDownload the React DevTools for a better development experience: https://react.dev/link/react-devtools","font-weight:bold"],"stack":null}
[2026-05-26T15:14:02.272Z] {"timestamp":1779808440252,"level":"DEBUG","args":["[Manus] Debug collector initialized (no rrweb, UI events only)"],"stack":null}
[2026-05-26T15:14:02.272Z] {"timestamp":1779808440256,"level":"DEBUG","args":["[vite] connected."],"stack":null}
[2026-05-26T15:16:55.729Z] {"timestamp":1779808615013,"level":"DEBUG","args":["[vite]","hot updated: /src/pages/Home.tsx"],"stack":null}
[2026-05-26T15:16:55.729Z] {"timestamp":1779808615013,"level":"DEBUG","args":["[vite]","hot updated: /src/index.css"],"stack":null}
[2026-05-26T15:16:56.861Z] {"timestamp":1779808615014,"level":"DEBUG","args":["[vite]","hot updated: /src/pages/Home.tsx"],"stack":null}
[2026-05-26T15:16:56.861Z] {"timestamp":1779808615014,"level":"DEBUG","args":["[vite]","hot updated: /src/index.css"],"stack":null}
[2026-05-26T16:29:56.403Z] {"timestamp":1779809746270,"level":"LOG","args":["[vite] server connection lost. Polling for restart..."],"stack":null}
[2026-05-26T16:29:56.443Z] {"timestamp":1779809746362,"level":"LOG","args":["[vite] server connection lost. Polling for restart..."],"stack":null}
[2026-05-26T16:29:58.718Z] {"timestamp":1779812996706,"level":"DEBUG","args":["[Manus] Debug collector initialized (no rrweb, UI events only)"],"stack":null}
[2026-05-26T16:29:58.718Z] {"timestamp":1779812996711,"level":"DEBUG","args":["[vite] connected."],"stack":null}
[2026-05-26T16:29:58.718Z] {"timestamp":1779812996812,"level":"INFO","args":["%cDownload the React DevTools for a better development experience: https://react.dev/link/react-devtools","font-weight:bold"],"stack":null}
[2026-05-26T16:30:03.410Z] {"timestamp":1779813001387,"level":"DEBUG","args":["[Manus] Debug collector initialized (no rrweb, UI events only)"],"stack":null}
[2026-05-26T16:30:03.410Z] {"timestamp":1779813001406,"level":"DEBUG","args":["[vite] connected."],"stack":null}
[2026-05-26T16:30:12.418Z] {"timestamp":1779813010406,"level":"DEBUG","args":["[Manus] Debug collector initialized (no rrweb, UI events only)"],"stack":null}
[2026-05-26T16:30:12.418Z] {"timestamp":1779813010413,"level":"DEBUG","args":["[vite] connected."],"stack":null}
[2026-05-27T16:47:44.971Z] {"timestamp":1779900462963,"level":"DEBUG","args":["[Manus] Debug collector initialized (no rrweb, UI events only)"],"stack":null}
[2026-05-27T16:47:44.971Z] {"timestamp":1779900463008,"level":"DEBUG","args":["[vite] connected."],"stack":null}
[2026-05-27T16:47:44.971Z] {"timestamp":1779900463521,"level":"INFO","args":["%cDownload the React DevTools for a better development experience: https://react.dev/link/react-devtools","font-weight:bold"],"stack":null}
[2026-05-27T16:47:49.042Z] {"timestamp":1779900467028,"level":"DEBUG","args":["[Manus] Debug collector initialized (no rrweb, UI events only)"],"stack":null}
[2026-05-27T16:47:49.042Z] {"timestamp":1779900467061,"level":"DEBUG","args":["[vite] connected."],"stack":null}
[2026-05-27T16:47:49.042Z] {"timestamp":1779900467118,"level":"INFO","args":["%cDownload the React DevTools for a better development experience: https://react.dev/link/react-devtools","font-weight:bold"],"stack":null}
[2026-05-27T16:57:25.245Z] {"timestamp":1779900799089,"level":"LOG","args":["[vite] server connection lost. Polling for restart..."],"stack":null}
[2026-05-27T16:57:27.989Z] {"timestamp":1779901045971,"level":"DEBUG","args":["[Manus] Debug collector initialized (no rrweb, UI events only)"],"stack":null}
[2026-05-27T16:57:27.989Z] {"timestamp":1779901046015,"level":"DEBUG","args":["[vite] connected."],"stack":null}
[2026-05-27T16:57:27.989Z] {"timestamp":1779901046335,"level":"INFO","args":["%cDownload the React DevTools for a better development experience: https://react.dev/link/react-devtools","font-weight:bold"],"stack":null}
[2026-05-27T16:57:31.335Z] {"timestamp":1779901049318,"level":"DEBUG","args":["[Manus] Debug collector initialized (no rrweb, UI events only)"],"stack":null}
[2026-05-27T16:57:31.335Z] {"timestamp":1779901049328,"level":"DEBUG","args":["[vite] connected."],"stack":null}
[2026-05-27T16:59:42.059Z] {"timestamp":1779901181995,"level":"DEBUG","args":["[vite]","hot updated: /src/pages/Home.tsx"],"stack":null}
[2026-05-27T16:59:42.059Z] {"timestamp":1779901181995,"level":"DEBUG","args":["[vite]","hot updated: /src/index.css"],"stack":null}
[2026-05-27T16:59:43.983Z] {"timestamp":1779901181993,"level":"DEBUG","args":["[vite]","hot updated: /src/pages/Home.tsx"],"stack":null}
[2026-05-27T16:59:43.983Z] {"timestamp":1779901181993,"level":"DEBUG","args":["[vite]","hot updated: /src/index.css"],"stack":null}
[2026-05-27T17:00:51.993Z] {"timestamp":1779901247424,"level":"LOG","args":["[vite] server connection lost. Polling for restart..."],"stack":null}
[2026-05-27T17:00:52.076Z] {"timestamp":1779901247424,"level":"LOG","args":["[vite] server connection lost. Polling for restart..."],"stack":null}
[2026-05-27T17:00:54.620Z] {"timestamp":1779901252603,"level":"DEBUG","args":["[Manus] Debug collector initialized (no rrweb, UI events only)"],"stack":null}
[2026-05-27T17:00:54.620Z] {"timestamp":1779901252608,"level":"DEBUG","args":["[vite] connected."],"stack":null}
[2026-05-27T17:00:54.620Z] {"timestamp":1779901252953,"level":"INFO","args":["%cDownload the React DevTools for a better development experience: https://react.dev/link/react-devtools","font-weight:bold"],"stack":null}
[2026-05-27T17:01:02.243Z] {"timestamp":1779901260233,"level":"DEBUG","args":["[Manus] Debug collector initialized (no rrweb, UI events only)"],"stack":null}
[2026-05-27T17:01:02.243Z] {"timestamp":1779901260237,"level":"DEBUG","args":["[vite] connected."],"stack":null}
[2026-05-27T17:02:32.621Z] {"timestamp":1779901351286,"level":"DEBUG","args":["[vite]","hot updated: /src/pages/Home.tsx"],"stack":null}
[2026-05-27T17:02:32.621Z] {"timestamp":1779901351286,"level":"DEBUG","args":["[vite]","hot updated: /src/index.css"],"stack":null}
[2026-05-27T17:02:33.053Z] {"timestamp":1779901351288,"level":"DEBUG","args":["[vite]","hot updated: /src/pages/Home.tsx"],"stack":null}
[2026-05-27T17:02:33.053Z] {"timestamp":1779901351288,"level":"DEBUG","args":["[vite]","hot updated: /src/index.css"],"stack":null}
[2026-05-27T17:06:04.852Z] {"timestamp":1779901562834,"level":"DEBUG","args":["[Manus] Debug collector initialized (no rrweb, UI events only)"],"stack":null}
[2026-05-27T17:06:04.852Z] {"timestamp":1779901562848,"level":"DEBUG","args":["[vite] connected."],"stack":null}
[2026-05-27T17:10:12.620Z] {"timestamp":1779901811287,"level":"DEBUG","args":["[vite]","hot updated: /src/pages/Home.tsx"],"stack":null}
[2026-05-27T17:10:12.620Z] {"timestamp":1779901811288,"level":"DEBUG","args":["[vite]","hot updated: /src/index.css"],"stack":null}
[2026-05-27T17:10:13.054Z] {"timestamp":1779901811300,"level":"DEBUG","args":["[vite]","hot updated: /src/pages/Home.tsx"],"stack":null}
[2026-05-27T17:10:13.054Z] {"timestamp":1779901811301,"level":"DEBUG","args":["[vite]","hot updated: /src/index.css"],"stack":null}
[2026-05-27T17:10:13.056Z] {"timestamp":1779901811301,"level":"DEBUG","args":["[vite]","hot updated: /src/pages/Home.tsx"],"stack":null}
[2026-05-27T17:10:13.056Z] {"timestamp":1779901811301,"level":"DEBUG","args":["[vite]","hot updated: /src/index.css"],"stack":null}
[2026-05-28T09:08:44.885Z] {"timestamp":1779959322391,"level":"DEBUG","args":["[Manus] Debug collector initialized (no rrweb, UI events only)"],"stack":null}
[2026-05-28T09:08:44.885Z] {"timestamp":1779959322417,"level":"DEBUG","args":["[vite] connected."],"stack":null}
[2026-05-28T09:08:44.885Z] {"timestamp":1779959323903,"level":"INFO","args":["%cDownload the React DevTools for a better development experience: https://react.dev/link/react-devtools","font-weight:bold"],"stack":null}
[2026-05-28T09:08:47.627Z] {"timestamp":1779959325605,"level":"DEBUG","args":["[Manus] Debug collector initialized (no rrweb, UI events only)"],"stack":null}
[2026-05-28T09:08:47.627Z] {"timestamp":1779959325741,"level":"DEBUG","args":["[vite] connected."],"stack":null}
[2026-05-28T09:12:45.759Z] {"timestamp":1779959553544,"level":"LOG","args":["[vite] server connection lost. Polling for restart..."],"stack":null}
[2026-05-28T09:12:46.052Z] {"timestamp":1779959553546,"level":"LOG","args":["[vite] server connection lost. Polling for restart..."],"stack":null}
[2026-05-28T09:12:49.960Z] {"timestamp":1779959567383,"level":"DEBUG","args":["[Manus] Debug collector initialized (no rrweb, UI events only)"],"stack":null}
[2026-05-28T09:12:49.960Z] {"timestamp":1779959567442,"level":"DEBUG","args":["[vite] connected."],"stack":null}
[2026-05-28T09:12:49.960Z] {"timestamp":1779959568113,"level":"INFO","args":["%cDownload the React DevTools for a better development experience: https://react.dev/link/react-devtools","font-weight:bold"],"stack":null}
[2026-05-28T09:12:50.849Z] {"timestamp":1779959568835,"level":"DEBUG","args":["[Manus] Debug collector initialized (no rrweb, UI events only)"],"stack":null}
[2026-05-28T09:12:50.849Z] {"timestamp":1779959568850,"level":"DEBUG","args":["[vite] connected."],"stack":null}
[2026-05-28T09:12:50.849Z] {"timestamp":1779959568983,"level":"INFO","args":["%cDownload the React DevTools for a better development experience: https://react.dev/link/react-devtools","font-weight:bold"],"stack":null}
[2026-05-28T09:12:59.210Z] {"timestamp":1779959577189,"level":"DEBUG","args":["[Manus] Debug collector initialized (no rrweb, UI events only)"],"stack":null}
[2026-05-28T09:12:59.210Z] {"timestamp":1779959577204,"level":"DEBUG","args":["[vite] connected."],"stack":null}
[2026-05-28T09:19:17.314Z] {"timestamp":1779959955287,"level":"DEBUG","args":["[Manus] Debug collector initialized (no rrweb, UI events only)"],"stack":null}
[2026-05-28T09:19:17.314Z] {"timestamp":1779959955297,"level":"DEBUG","args":["[vite] connected."],"stack":null}
[2026-05-28T09:55:22.527Z] {"timestamp":1779962120220,"level":"DEBUG","args":["[Manus] Debug collector initialized (no rrweb, UI events only)"],"stack":null}
[2026-05-28T09:55:22.527Z] {"timestamp":1779962120228,"level":"DEBUG","args":["[vite] connected."],"stack":null}
[2026-05-28T09:55:22.527Z] {"timestamp":1779962120586,"level":"INFO","args":["%cDownload the React DevTools for a better development experience: https://react.dev/link/react-devtools","font-weight:bold"],"stack":null}
[2026-05-28T09:55:24.729Z] {"timestamp":1779962122712,"level":"DEBUG","args":["[Manus] Debug collector initialized (no rrweb, UI events only)"],"stack":null}
[2026-05-28T09:55:24.729Z] {"timestamp":1779962122720,"level":"DEBUG","args":["[vite] connected."],"stack":null}
[2026-05-28T09:55:38.957Z] {"timestamp":1779959963723,"level":"LOG","args":["[vite] server connection lost. Polling for restart..."],"stack":null}
[2026-05-28T09:55:38.960Z] {"timestamp":1779959963762,"level":"LOG","args":["[vite] server connection lost. Polling for restart..."],"stack":null}
[2026-05-28T10:05:23.323Z] {"timestamp":1779962721316,"level":"DEBUG","args":["[Manus] Debug collector initialized (no rrweb, UI events only)"],"stack":null}
[2026-05-28T10:05:23.323Z] {"timestamp":1779962721321,"level":"DEBUG","args":["[vite] connected."],"stack":null}
[2026-05-28T10:05:23.323Z] {"timestamp":1779962721375,"level":"INFO","args":["%cDownload the React DevTools for a better development experience: https://react.dev/link/react-devtools","font-weight:bold"],"stack":null}
[2026-05-28T10:05:28.379Z] {"timestamp":1779962726367,"level":"DEBUG","args":["[Manus] Debug collector initialized (no rrweb, UI events only)"],"stack":null}
[2026-05-28T10:05:28.379Z] {"timestamp":1779962726377,"level":"DEBUG","args":["[vite] connected."],"stack":null}
[2026-05-28T10:08:44.010Z] {"timestamp":1779962922001,"level":"DEBUG","args":["[Manus] Debug collector initialized (no rrweb, UI events only)"],"stack":null}
[2026-05-28T10:08:44.010Z] {"timestamp":1779962922003,"level":"DEBUG","args":["[vite] connected."],"stack":null}
[2026-05-28T10:08:44.010Z] {"timestamp":1779962922059,"level":"INFO","args":["%cDownload the React DevTools for a better development experience: https://react.dev/link/react-devtools","font-weight:bold"],"stack":null}
[2026-05-28T10:08:54.962Z] {"timestamp":1779962932955,"level":"DEBUG","args":["[Manus] Debug collector initialized (no rrweb, UI events only)"],"stack":null}
[2026-05-28T10:08:54.962Z] {"timestamp":1779962932964,"level":"DEBUG","args":["[vite] connected."],"stack":null}
[2026-05-28T10:08:54.962Z] {"timestamp":1779962933030,"level":"INFO","args":["%cDownload the React DevTools for a better development experience: https://react.dev/link/react-devtools","font-weight:bold"],"stack":null}
[2026-05-28T10:08:59.628Z] {"timestamp":1779962937619,"level":"DEBUG","args":["[Manus] Debug collector initialized (no rrweb, UI events only)"],"stack":null}
[2026-05-28T10:08:59.628Z] {"timestamp":1779962937630,"level":"DEBUG","args":["[vite] connected."],"stack":null}
[2026-05-28T10:21:14.955Z] {"timestamp":1779963672432,"level":"DEBUG","args":["[Manus] Debug collector initialized (no rrweb, UI events only)"],"stack":null}
[2026-05-28T10:21:14.955Z] {"timestamp":1779963672441,"level":"DEBUG","args":["[vite] connected."],"stack":null}
[2026-05-28T10:21:14.955Z] {"timestamp":1779963672849,"level":"INFO","args":["%cDownload the React DevTools for a better development experience: https://react.dev/link/react-devtools","font-weight:bold"],"stack":null}
[2026-05-28T10:21:18.300Z] {"timestamp":1779963676282,"level":"DEBUG","args":["[Manus] Debug collector initialized (no rrweb, UI events only)"],"stack":null}
[2026-05-28T10:21:18.300Z] {"timestamp":1779963676294,"level":"DEBUG","args":["[vite] connected."],"stack":null}
[2026-05-28T10:27:38.962Z] {"timestamp":1779963599911,"level":"LOG","args":["[vite] server connection lost. Polling for restart..."],"stack":null}
[2026-05-28T10:27:38.972Z] {"timestamp":1779963599911,"level":"LOG","args":["[vite] server connection lost. Polling for restart..."],"stack":null}
[2026-05-28T10:27:38.974Z] {"timestamp":1779963599911,"level":"LOG","args":["[vite] server connection lost. Polling for restart..."],"stack":null}
[2026-05-28T10:27:38.975Z] {"timestamp":1779963599910,"level":"LOG","args":["[vite] server connection lost. Polling for restart..."],"stack":null}
[2026-05-28T10:27:38.976Z] {"timestamp":1779963696545,"level":"LOG","args":["[vite] server connection lost. Polling for restart..."],"stack":null}
[2026-05-28T10:27:38.978Z] {"timestamp":1779963599911,"level":"LOG","args":["[vite] server connection lost. Polling for restart..."],"stack":null}
[2026-05-28T10:27:38.979Z] {"timestamp":1779963599911,"level":"LOG","args":["[vite] server connection lost. Polling for restart..."],"stack":null}
[2026-05-28T10:27:38.981Z] {"timestamp":1779963696545,"level":"LOG","args":["[vite] server connection lost. Polling for restart..."],"stack":null}
[2026-05-28T10:27:38.984Z] {"timestamp":1779963599911,"level":"LOG","args":["[vite] server connection lost. Polling for restart..."],"stack":null}
[2026-05-28T10:27:43.551Z] {"timestamp":1779964060970,"level":"DEBUG","args":["[Manus] Debug collector initialized (no rrweb, UI events only)"],"stack":null}
[2026-05-28T10:27:43.551Z] {"timestamp":1779964060973,"level":"DEBUG","args":["[vite] connected."],"stack":null}
[2026-05-28T10:27:43.551Z] {"timestamp":1779964061328,"level":"INFO","args":["%cDownload the React DevTools for a better development experience: https://react.dev/link/react-devtools","font-weight:bold"],"stack":null}
[2026-05-28T10:27:45.698Z] {"timestamp":1779964063685,"level":"DEBUG","args":["[Manus] Debug collector initialized (no rrweb, UI events only)"],"stack":null}
[2026-05-28T10:27:45.698Z] {"timestamp":1779964063693,"level":"DEBUG","args":["[vite] connected."],"stack":null}
[2026-05-28T10:29:36.247Z] {"timestamp":1779964174236,"level":"DEBUG","args":["[Manus] Debug collector initialized (no rrweb, UI events only)"],"stack":null}
[2026-05-28T10:29:36.248Z] {"timestamp":1779964174251,"level":"DEBUG","args":["[vite] connected."],"stack":null}
[2026-05-28T10:29:39.477Z] {"timestamp":1779964177461,"level":"DEBUG","args":["[Manus] Debug collector initialized (no rrweb, UI events only)"],"stack":null}
[2026-05-28T10:29:39.477Z] {"timestamp":1779964177470,"level":"DEBUG","args":["[vite] connected."],"stack":null}
[2026-05-28T12:38:08.026Z] {"timestamp":1779971885667,"level":"DEBUG","args":["[Manus] Debug collector initialized (no rrweb, UI events only)"],"stack":null}
[2026-05-28T12:38:08.026Z] {"timestamp":1779971885670,"level":"DEBUG","args":["[vite] connected."],"stack":null}
[2026-05-28T12:38:08.026Z] {"timestamp":1779971886124,"level":"INFO","args":["%cDownload the React DevTools for a better development experience: https://react.dev/link/react-devtools","font-weight:bold"],"stack":null}
[2026-05-28T12:38:10.659Z] {"timestamp":1779971888649,"level":"DEBUG","args":["[Manus] Debug collector initialized (no rrweb, UI events only)"],"stack":null}
[2026-05-28T12:38:10.659Z] {"timestamp":1779971888653,"level":"DEBUG","args":["[vite] connected."],"stack":null}
[2026-05-28T12:38:32.705Z] {"timestamp":1779971910695,"level":"DEBUG","args":["[Manus] Debug collector initialized (no rrweb, UI events only)"],"stack":null}
[2026-05-28T12:38:32.705Z] {"timestamp":1779971910698,"level":"DEBUG","args":["[vite] connected."],"stack":null}
[2026-05-28T12:38:32.705Z] {"timestamp":1779971910755,"level":"INFO","args":["%cDownload the React DevTools for a better development experience: https://react.dev/link/react-devtools","font-weight:bold"],"stack":null}
[2026-05-28T12:38:39.510Z] {"timestamp":1779971917500,"level":"DEBUG","args":["[Manus] Debug collector initialized (no rrweb, UI events only)"],"stack":null}
[2026-05-28T12:38:39.510Z] {"timestamp":1779971917513,"level":"DEBUG","args":["[vite] connected."],"stack":null}
[2026-05-28T12:39:06.757Z] {"timestamp":1779971942856,"level":"LOG","args":["[vite] server connection lost. Polling for restart..."],"stack":null}
[2026-05-28T12:39:06.776Z] {"timestamp":1779971942856,"level":"LOG","args":["[vite] server connection lost. Polling for restart..."],"stack":null}
[2026-05-28T12:39:08.013Z] {"timestamp":1779971942856,"level":"LOG","args":["[vite] server connection lost. Polling for restart..."],"stack":null}
[2026-05-28T12:39:08.015Z] {"timestamp":1779971942855,"level":"LOG","args":["[vite] server connection lost. Polling for restart..."],"stack":null}
[2026-05-28T12:39:09.015Z] {"timestamp":1779971946864,"level":"DEBUG","args":["[Manus] Debug collector initialized (no rrweb, UI events only)"],"stack":null}
[2026-05-28T12:39:09.015Z] {"timestamp":1779971946881,"level":"DEBUG","args":["[vite] connected."],"stack":null}
[2026-05-28T12:39:09.015Z] {"timestamp":1779971947643,"level":"INFO","args":["%cDownload the React DevTools for a better development experience: https://react.dev/link/react-devtools","font-weight:bold"],"stack":null}
[2026-05-28T12:39:10.015Z] {"timestamp":1779971947268,"level":"DEBUG","args":["[Manus] Debug collector initialized (no rrweb, UI events only)"],"stack":null}
[2026-05-28T12:39:10.015Z] {"timestamp":1779971947277,"level":"DEBUG","args":["[vite] connected."],"stack":null}
[2026-05-28T12:39:13.015Z] {"timestamp":1779971950332,"level":"DEBUG","args":["[Manus] Debug collector initialized (no rrweb, UI events only)"],"stack":null}
[2026-05-28T12:39:13.015Z] {"timestamp":1779971950338,"level":"DEBUG","args":["[vite] connected."],"stack":null}
[2026-05-28T12:39:13.015Z] {"timestamp":1779971950391,"level":"INFO","args":["%cDownload the React DevTools for a better development experience: https://react.dev/link/react-devtools","font-weight:bold"],"stack":null}
[2026-05-28T12:39:15.465Z] {"timestamp":1779971953456,"level":"DEBUG","args":["[Manus] Debug collector initialized (no rrweb, UI events only)"],"stack":null}
[2026-05-28T12:39:15.465Z] {"timestamp":1779971953460,"level":"DEBUG","args":["[vite] connected."],"stack":null}
[2026-05-28T12:42:12.021Z] {"timestamp":1779972129999,"level":"DEBUG","args":["[Manus] Debug collector initialized (no rrweb, UI events only)"],"stack":null}
[2026-05-28T12:42:12.021Z] {"timestamp":1779972130001,"level":"DEBUG","args":["[vite] connected."],"stack":null}
[2026-05-28T12:42:12.021Z] {"timestamp":1779972130059,"level":"INFO","args":["%cDownload the React DevTools for a better development experience: https://react.dev/link/react-devtools","font-weight:bold"],"stack":null}
[2026-05-28T12:42:15.626Z] {"timestamp":1779972133619,"level":"DEBUG","args":["[Manus] Debug collector initialized (no rrweb, UI events only)"],"stack":null}
[2026-05-28T12:42:15.626Z] {"timestamp":1779972133622,"level":"DEBUG","args":["[vite] connected."],"stack":null}
[2026-05-28T12:45:21.025Z] {"timestamp":1779972318168,"level":"DEBUG","args":["[Manus] Debug collector initialized (no rrweb, UI events only)"],"stack":null}
[2026-05-28T12:45:21.025Z] {"timestamp":1779972318170,"level":"DEBUG","args":["[vite] connected."],"stack":null}
[2026-05-28T12:45:21.025Z] {"timestamp":1779972318228,"level":"INFO","args":["%cDownload the React DevTools for a better development experience: https://react.dev/link/react-devtools","font-weight:bold"],"stack":null}
[2026-05-28T12:45:23.517Z] {"timestamp":1779972321499,"level":"DEBUG","args":["[Manus] Debug collector initialized (no rrweb, UI events only)"],"stack":null}
[2026-05-28T12:45:23.517Z] {"timestamp":1779972321509,"level":"DEBUG","args":["[vite] connected."],"stack":null}
[2026-05-28T12:55:39.698Z] {"timestamp":1779972814810,"level":"LOG","args":["[vite] server connection lost. Polling for restart..."],"stack":null}
[2026-05-28T12:55:41.838Z] {"timestamp":1779972939827,"level":"DEBUG","args":["[Manus] Debug collector initialized (no rrweb, UI events only)"],"stack":null}
[2026-05-28T12:55:41.838Z] {"timestamp":1779972940243,"level":"DEBUG","args":["[vite] connected."],"stack":null}
[2026-05-28T12:55:41.838Z] {"timestamp":1779972940576,"level":"INFO","args":["%cDownload the React DevTools for a better development experience: https://react.dev/link/react-devtools","font-weight:bold"],"stack":null}
[2026-05-28T12:55:46.023Z] {"timestamp":1779972943304,"level":"DEBUG","args":["[Manus] Debug collector initialized (no rrweb, UI events only)"],"stack":null}
[2026-05-28T12:55:46.023Z] {"timestamp":1779972943309,"level":"DEBUG","args":["[vite] connected."],"stack":null}
[2026-05-28T12:55:46.023Z] {"timestamp":1779972943364,"level":"INFO","args":["%cDownload the React DevTools for a better development experience: https://react.dev/link/react-devtools","font-weight:bold"],"stack":null}
[2026-05-28T12:55:48.376Z] {"timestamp":1779972946367,"level":"DEBUG","args":["[Manus] Debug collector initialized (no rrweb, UI events only)"],"stack":null}
[2026-05-28T12:55:48.376Z] {"timestamp":1779972946377,"level":"DEBUG","args":["[vite] connected."],"stack":null}
[2026-05-28T12:55:50.013Z] {"timestamp":1779972814810,"level":"LOG","args":["[vite] server connection lost. Polling for restart..."],"stack":null}
[2026-05-28T12:55:50.018Z] {"timestamp":1779972814810,"level":"LOG","args":["[vite] server connection lost. Polling for restart..."],"stack":null}
[2026-05-28T12:55:50.020Z] {"timestamp":1779972814810,"level":"LOG","args":["[vite] server connection lost. Polling for restart..."],"stack":null}
[2026-05-28T12:55:50.022Z] {"timestamp":1779972814816,"level":"LOG","args":["[vite] server connection lost. Polling for restart..."],"stack":null}
[2026-05-28T12:55:50.024Z] {"timestamp":1779972814810,"level":"LOG","args":["[vite] server connection lost. Polling for restart..."],"stack":null}
[2026-05-28T12:55:50.025Z] {"timestamp":1779972814816,"level":"LOG","args":["[vite] server connection lost. Polling for restart..."],"stack":null}
[2026-05-28T12:55:50.028Z] {"timestamp":1779972814816,"level":"LOG","args":["[vite] server connection lost. Polling for restart..."],"stack":null}
[2026-05-28T13:38:14.389Z] {"timestamp":1779973091251,"level":"LOG","args":["[vite] server connection lost. Polling for restart..."],"stack":null}
[2026-05-28T13:38:16.863Z] {"timestamp":1779975494850,"level":"DEBUG","args":["[Manus] Debug collector initialized (no rrweb, UI events only)"],"stack":null}
[2026-05-28T13:38:16.863Z] {"timestamp":1779975495049,"level":"DEBUG","args":["[vite] connected."],"stack":null}
[2026-05-28T13:38:16.863Z] {"timestamp":1779975495253,"level":"INFO","args":["%cDownload the React DevTools for a better development experience: https://react.dev/link/react-devtools","font-weight:bold"],"stack":null}
[2026-05-28T13:38:26.020Z] {"timestamp":1779975504012,"level":"DEBUG","args":["[Manus] Debug collector initialized (no rrweb, UI events only)"],"stack":null}
[2026-05-28T13:38:26.020Z] {"timestamp":1779975504015,"level":"DEBUG","args":["[vite] connected."],"stack":null}
[2026-05-28T13:38:26.020Z] {"timestamp":1779975504072,"level":"INFO","args":["%cDownload the React DevTools for a better development experience: https://react.dev/link/react-devtools","font-weight:bold"],"stack":null}
[2026-05-28T13:38:30.950Z] {"timestamp":1779975508932,"level":"DEBUG","args":["[Manus] Debug collector initialized (no rrweb, UI events only)"],"stack":null}
[2026-05-28T13:38:30.950Z] {"timestamp":1779975508938,"level":"DEBUG","args":["[vite] connected."],"stack":null}
[2026-05-28T13:38:50.023Z] {"timestamp":1779973091252,"level":"LOG","args":["[vite] server connection lost. Polling for restart..."],"stack":null}
[2026-05-28T13:38:50.029Z] {"timestamp":1779973091252,"level":"LOG","args":["[vite] server connection lost. Polling for restart..."],"stack":null}
[2026-05-28T13:41:09.022Z] {"timestamp":1779975666375,"level":"DEBUG","args":["[Manus] Debug collector initialized (no rrweb, UI events only)"],"stack":null}
[2026-05-28T13:41:09.022Z] {"timestamp":1779975666377,"level":"DEBUG","args":["[vite] connected."],"stack":null}
[2026-05-28T13:41:09.022Z] {"timestamp":1779975666430,"level":"INFO","args":["%cDownload the React DevTools for a better development experience: https://react.dev/link/react-devtools","font-weight:bold"],"stack":null}
[2026-05-28T13:41:12.103Z] {"timestamp":1779975670094,"level":"DEBUG","args":["[Manus] Debug collector initialized (no rrweb, UI events only)"],"stack":null}
[2026-05-28T13:41:12.103Z] {"timestamp":1779975670104,"level":"DEBUG","args":["[vite] connected."],"stack":null}
[2026-05-28T13:48:39.548Z] {"timestamp":1779976117538,"level":"DEBUG","args":["[Manus] Debug collector initialized (no rrweb, UI events only)"],"stack":null}
[2026-05-28T13:48:39.548Z] {"timestamp":1779976117541,"level":"DEBUG","args":["[vite] connected."],"stack":null}
[2026-05-28T13:48:39.548Z] {"timestamp":1779976117600,"level":"INFO","args":["%cDownload the React DevTools for a better development experience: https://react.dev/link/react-devtools","font-weight:bold"],"stack":null}
[2026-05-28T13:48:45.943Z] {"timestamp":1779976123935,"level":"DEBUG","args":["[Manus] Debug collector initialized (no rrweb, UI events only)"],"stack":null}
[2026-05-28T13:48:45.943Z] {"timestamp":1779976123948,"level":"DEBUG","args":["[vite] connected."],"stack":null}
[2026-05-28T13:51:42.390Z] {"timestamp":1779976302257,"level":"DEBUG","args":["[Manus] Debug collector initialized (no rrweb, UI events only)"],"stack":null}
[2026-05-28T13:51:42.390Z] {"timestamp":1779976302268,"level":"DEBUG","args":["[vite] connected."],"stack":null}
[2026-05-28T13:51:43.117Z] {"timestamp":1779976302985,"level":"DEBUG","args":["[Manus] Debug collector initialized (no rrweb, UI events only)"],"stack":null}
[2026-05-28T13:51:43.117Z] {"timestamp":1779976302998,"level":"DEBUG","args":["[vite] connected."],"stack":null}
[2026-05-28T13:51:43.373Z] {"timestamp":1779976303244,"level":"DEBUG","args":["[Manus] Debug collector initialized (no rrweb, UI events only)"],"stack":null}
[2026-05-28T13:51:43.373Z] {"timestamp":1779976303248,"level":"DEBUG","args":["[vite] connected."],"stack":null}
[2026-05-28T13:51:43.642Z] {"timestamp":1779976303497,"level":"DEBUG","args":["[Manus] Debug collector initialized (no rrweb, UI events only)"],"stack":null}
[2026-05-28T13:51:43.642Z] {"timestamp":1779976303503,"level":"DEBUG","args":["[vite] connected."],"stack":null}
[2026-05-28T13:51:43.907Z] {"timestamp":1779976303759,"level":"DEBUG","args":["[Manus] Debug collector initialized (no rrweb, UI events only)"],"stack":null}
[2026-05-28T13:51:43.907Z] {"timestamp":1779976303764,"level":"DEBUG","args":["[vite] connected."],"stack":null}
[2026-05-28T13:51:44.198Z] {"timestamp":1779976304013,"level":"DEBUG","args":["[Manus] Debug collector initialized (no rrweb, UI events only)"],"stack":null}
[2026-05-28T13:51:44.198Z] {"timestamp":1779976304020,"level":"DEBUG","args":["[vite] connected."],"stack":null}
[2026-05-28T13:52:24.621Z] {"timestamp":1779976333657,"level":"LOG","args":["[vite] server connection lost. Polling for restart..."],"stack":null}
[2026-05-28T13:52:28.024Z] {"timestamp":1779976345563,"level":"DEBUG","args":["[Manus] Debug collector initialized (no rrweb, UI events only)"],"stack":null}
[2026-05-28T13:52:28.024Z] {"timestamp":1779976345572,"level":"DEBUG","args":["[vite] connected."],"stack":null}
[2026-05-28T13:52:28.024Z] {"timestamp":1779976345899,"level":"INFO","args":["%cDownload the React DevTools for a better development experience: https://react.dev/link/react-devtools","font-weight:bold"],"stack":null}
[2026-05-28T13:52:29.013Z] {"timestamp":1779976346810,"level":"DEBUG","args":["[Manus] Debug collector initialized (no rrweb, UI events only)"],"stack":null}
[2026-05-28T13:52:29.013Z] {"timestamp":1779976346814,"level":"DEBUG","args":["[vite] connected."],"stack":null}
[2026-05-28T13:52:29.013Z] {"timestamp":1779976346868,"level":"INFO","args":["%cDownload the React DevTools for a better development experience: https://react.dev/link/react-devtools","font-weight:bold"],"stack":null}
[2026-05-28T13:52:33.383Z] {"timestamp":1779976351374,"level":"DEBUG","args":["[Manus] Debug collector initialized (no rrweb, UI events only)"],"stack":null}
[2026-05-28T13:52:33.383Z] {"timestamp":1779976351378,"level":"DEBUG","args":["[vite] connected."],"stack":null}
[2026-05-28T13:52:50.021Z] {"timestamp":1779976333658,"level":"LOG","args":["[vite] server connection lost. Polling for restart..."],"stack":null}
[2026-05-28T13:52:50.025Z] {"timestamp":1779976333657,"level":"LOG","args":["[vite] server connection lost. Polling for restart..."],"stack":null}
[2026-05-28T13:52:50.028Z] {"timestamp":1779976333657,"level":"LOG","args":["[vite] server connection lost. Polling for restart..."],"stack":null}
[2026-05-28T15:09:50.450Z] {"timestamp":1779976433730,"level":"LOG","args":["[vite] server connection lost. Polling for restart..."],"stack":null}
[2026-05-28T15:09:50.456Z] {"timestamp":1779976433731,"level":"LOG","args":["[vite] server connection lost. Polling for restart..."],"stack":null}
[2026-05-28T15:09:52.604Z] {"timestamp":1779980990586,"level":"DEBUG","args":["[Manus] Debug collector initialized (no rrweb, UI events only)"],"stack":null}
[2026-05-28T15:09:52.604Z] {"timestamp":1779980991109,"level":"DEBUG","args":["[vite] connected."],"stack":null}
[2026-05-28T15:09:52.604Z] {"timestamp":1779980991619,"level":"INFO","args":["%cDownload the React DevTools for a better development experience: https://react.dev/link/react-devtools","font-weight:bold"],"stack":null}
[2026-05-28T15:09:55.856Z] {"timestamp":1779980993790,"level":"DEBUG","args":["[Manus] Debug collector initialized (no rrweb, UI events only)"],"stack":null}
[2026-05-28T15:09:55.856Z] {"timestamp":1779980993792,"level":"DEBUG","args":["[vite] connected."],"stack":null}
[2026-05-28T15:09:55.856Z] {"timestamp":1779980993855,"level":"INFO","args":["%cDownload the React DevTools for a better development experience: https://react.dev/link/react-devtools","font-weight:bold"],"stack":null}
[2026-05-28T15:09:59.470Z] {"timestamp":1779980997451,"level":"DEBUG","args":["[Manus] Debug collector initialized (no rrweb, UI events only)"],"stack":null}
[2026-05-28T15:09:59.470Z] {"timestamp":1779980997456,"level":"DEBUG","args":["[vite] connected."],"stack":null}
[2026-05-29T13:21:46.893Z] {"timestamp":1780060904762,"level":"DEBUG","args":["[Manus] Debug collector initialized (no rrweb, UI events only)"],"stack":null}
[2026-05-29T13:21:46.893Z] {"timestamp":1780060904805,"level":"DEBUG","args":["[vite] connected."],"stack":null}
[2026-05-29T13:21:46.893Z] {"timestamp":1780060905203,"level":"INFO","args":["%cDownload the React DevTools for a better development experience: https://react.dev/link/react-devtools","font-weight:bold"],"stack":null}
[2026-05-29T13:21:51.602Z] {"timestamp":1780060909586,"level":"DEBUG","args":["[Manus] Debug collector initialized (no rrweb, UI events only)"],"stack":null}
[2026-05-29T13:21:51.602Z] {"timestamp":1780060909599,"level":"DEBUG","args":["[vite] connected."],"stack":null}
[2026-06-19T17:32:53.963Z] {"timestamp":1781890371269,"level":"DEBUG","args":["[Manus] Debug collector initialized (no rrweb, UI events only)"],"stack":null}
[2026-06-19T17:32:53.963Z] {"timestamp":1781890371300,"level":"DEBUG","args":["[vite] connected."],"stack":null}
[2026-06-19T17:32:53.963Z] {"timestamp":1781890371407,"level":"INFO","args":["%cDownload the React DevTools for a better development experience: https://react.dev/link/react-devtools","font-weight:bold"],"stack":null}
[2026-06-19T17:33:01.482Z] {"timestamp":1781890379463,"level":"DEBUG","args":["[Manus] Debug collector initialized (no rrweb, UI events only)"],"stack":null}
[2026-06-19T17:33:01.482Z] {"timestamp":1781890379483,"level":"DEBUG","args":["[vite] connected."],"stack":null}
[2026-06-19T17:38:09.279Z] {"timestamp":1781890688966,"level":"DEBUG","args":["[vite]","hot updated: /src/pages/Home.tsx"],"stack":null}
[2026-06-19T17:38:09.279Z] {"timestamp":1781890688967,"level":"DEBUG","args":["[vite]","hot updated: /src/index.css"],"stack":null}
[2026-06-19T17:38:09.468Z] {"timestamp":1781890688984,"level":"DEBUG","args":["[vite]","hot updated: /src/pages/Home.tsx"],"stack":null}
[2026-06-19T17:38:09.468Z] {"timestamp":1781890688985,"level":"DEBUG","args":["[vite]","hot updated: /src/index.css"],"stack":null}
[2026-06-19T17:38:42.985Z] {"timestamp":1781890720960,"level":"DEBUG","args":["[Manus] Debug collector initialized (no rrweb, UI events only)"],"stack":null}
[2026-06-19T17:38:42.985Z] {"timestamp":1781890720970,"level":"DEBUG","args":["[vite] connected."],"stack":null}
[2026-06-19T17:40:43.280Z] {"timestamp":1781890843149,"level":"DEBUG","args":["[vite]","hot updated: /src/index.css"],"stack":null}
[2026-06-19T17:40:44.979Z] {"timestamp":1781890844256,"level":"DEBUG","args":["[vite]","hot updated: /src/index.css"],"stack":null}
[2026-06-19T17:41:19.280Z] {"timestamp":1781890878232,"level":"DEBUG","args":["[vite]","hot updated: /src/pages/Home.tsx"],"stack":null}
[2026-06-19T17:41:19.280Z] {"timestamp":1781890878233,"level":"DEBUG","args":["[vite]","hot updated: /src/index.css"],"stack":null}
[2026-06-19T17:41:19.285Z] {"timestamp":1781890878732,"level":"DEBUG","args":["[vite]","hot updated: /src/pages/Home.tsx"],"stack":null}
[2026-06-19T17:41:19.285Z] {"timestamp":1781890878732,"level":"DEBUG","args":["[vite]","hot updated: /src/index.css"],"stack":null}
[2026-06-19T17:41:19.285Z] {"timestamp":1781890878766,"level":"DEBUG","args":["[vite]","hot updated: /src/pages/Home.tsx"],"stack":null}
[2026-06-19T17:41:19.285Z] {"timestamp":1781890878767,"level":"DEBUG","args":["[vite]","hot updated: /src/index.css"],"stack":null}
[2026-06-19T17:41:21.095Z] {"timestamp":1781890880645,"level":"DEBUG","args":["[vite]","hot updated: /src/pages/Home.tsx"],"stack":null}
[2026-06-19T17:41:21.095Z] {"timestamp":1781890880645,"level":"DEBUG","args":["[vite]","hot updated: /src/index.css"],"stack":null}
[2026-06-19T17:41:24.988Z] {"timestamp":1781890883834,"level":"DEBUG","args":["[vite]","hot updated: /src/pages/Home.tsx"],"stack":null}
[2026-06-19T17:41:24.988Z] {"timestamp":1781890883834,"level":"DEBUG","args":["[vite]","hot updated: /src/index.css"],"stack":null}
[2026-06-19T17:41:28.992Z] {"timestamp":1781890887179,"level":"DEBUG","args":["[vite]","hot updated: /src/pages/Home.tsx"],"stack":null}
[2026-06-19T17:41:28.992Z] {"timestamp":1781890887180,"level":"DEBUG","args":["[vite]","hot updated: /src/index.css"],"stack":null}
[2026-06-19T17:41:33.277Z] {"timestamp":1781890892850,"level":"DEBUG","args":["[vite]","hot updated: /src/index.css"],"stack":null}
[2026-06-19T17:41:33.277Z] {"timestamp":1781890892852,"level":"DEBUG","args":["[vite]","hot updated: /src/components/PremiumHero.tsx"],"stack":null}
[2026-06-19T17:41:33.277Z] {"timestamp":1781890893114,"level":"DEBUG","args":["[vite]","hot updated: /src/index.css"],"stack":null}
[2026-06-19T17:41:33.277Z] {"timestamp":1781890893115,"level":"DEBUG","args":["[vite]","hot updated: /src/components/PremiumHero.tsx"],"stack":null}
[2026-06-19T17:41:33.277Z] {"timestamp":1781890893142,"level":"DEBUG","args":["[vite]","hot updated: /src/index.css"],"stack":null}
[2026-06-19T17:41:33.277Z] {"timestamp":1781890893143,"level":"DEBUG","args":["[vite]","hot updated: /src/components/PremiumHero.tsx"],"stack":null}
[2026-06-19T17:41:34.979Z] {"timestamp":1781890894332,"level":"DEBUG","args":["[vite]","hot updated: /src/index.css"],"stack":null}
[2026-06-19T17:41:34.979Z] {"timestamp":1781890894333,"level":"DEBUG","args":["[vite]","hot updated: /src/components/PremiumHero.tsx"],"stack":null}
[2026-06-19T17:41:36.992Z] {"timestamp":1781890896211,"level":"DEBUG","args":["[vite]","hot updated: /src/index.css"],"stack":null}
[2026-06-19T17:41:36.992Z] {"timestamp":1781890896212,"level":"DEBUG","args":["[vite]","hot updated: /src/components/PremiumHero.tsx"],"stack":null}
[2026-06-19T17:41:38.988Z] {"timestamp":1781890898079,"level":"DEBUG","args":["[vite]","hot updated: /src/index.css"],"stack":null}
[2026-06-19T17:41:38.988Z] {"timestamp":1781890898080,"level":"DEBUG","args":["[vite]","hot updated: /src/components/PremiumHero.tsx"],"stack":null}
[2026-06-19T17:45:29.277Z] {"timestamp":1781891128603,"level":"DEBUG","args":["[vite]","hot updated: /src/pages/Home.tsx"],"stack":null}
[2026-06-19T17:45:29.277Z] {"timestamp":1781891128603,"level":"DEBUG","args":["[vite]","hot updated: /src/index.css"],"stack":null}
[2026-06-19T17:45:29.277Z] {"timestamp":1781891128874,"level":"DEBUG","args":["[vite]","hot updated: /src/pages/Home.tsx"],"stack":null}
[2026-06-19T17:45:29.277Z] {"timestamp":1781891128875,"level":"DEBUG","args":["[vite]","hot updated: /src/index.css"],"stack":null}
[2026-06-19T17:45:32.986Z] {"timestamp":1781891131111,"level":"DEBUG","args":["[vite]","hot updated: /src/pages/Home.tsx"],"stack":null}
[2026-06-19T17:45:32.986Z] {"timestamp":1781891131112,"level":"DEBUG","args":["[vite]","hot updated: /src/index.css"],"stack":null}
[2026-06-19T17:45:34.982Z] {"timestamp":1781891134172,"level":"DEBUG","args":["[vite]","hot updated: /src/pages/Home.tsx"],"stack":null}
[2026-06-19T17:45:34.982Z] {"timestamp":1781891134173,"level":"DEBUG","args":["[vite]","hot updated: /src/index.css"],"stack":null}
[2026-06-19T17:46:11.273Z] {"timestamp":1781891170315,"level":"DEBUG","args":["[vite]","hot updated: /src/index.css"],"stack":null}
[2026-06-19T17:46:11.273Z] {"timestamp":1781891170315,"level":"DEBUG","args":["[vite]","hot updated: /src/components/PremiumHero.tsx"],"stack":null}
[2026-06-19T17:46:12.985Z] {"timestamp":1781891171893,"level":"DEBUG","args":["[vite]","hot updated: /src/index.css"],"stack":null}
[2026-06-19T17:46:12.985Z] {"timestamp":1781891171894,"level":"DEBUG","args":["[vite]","hot updated: /src/components/PremiumHero.tsx"],"stack":null}
[2026-06-19T17:46:23.276Z] {"timestamp":1781891182471,"level":"DEBUG","args":["[vite]","hot updated: /src/index.css"],"stack":null}
[2026-06-19T17:46:24.994Z] {"timestamp":1781891183780,"level":"DEBUG","args":["[vite]","hot updated: /src/index.css"],"stack":null}
[2026-06-19T17:46:34.978Z] {"timestamp":1781891194649,"level":"DEBUG","args":["[vite]","hot updated: /src/index.css"],"stack":null}
[2026-06-19T17:46:35.276Z] {"timestamp":1781891193358,"level":"DEBUG","args":["[vite]","hot updated: /src/index.css"],"stack":null}
[2026-06-19T17:46:47.277Z] {"timestamp":1781891205982,"level":"DEBUG","args":["[vite]","hot updated: /src/index.css"],"stack":null}
[2026-06-19T17:46:47.277Z] {"timestamp":1781891205983,"level":"DEBUG","args":["[vite]","hot updated: /src/components/PremiumHero.tsx"],"stack":null}
[2026-06-19T17:46:48.987Z] {"timestamp":1781891207658,"level":"DEBUG","args":["[vite]","hot updated: /src/index.css"],"stack":null}
[2026-06-19T17:46:48.987Z] {"timestamp":1781891207659,"level":"DEBUG","args":["[vite]","hot updated: /src/components/PremiumHero.tsx"],"stack":null}
[2026-06-19T17:46:55.277Z] {"timestamp":1781891214126,"level":"DEBUG","args":["[vite]","hot updated: /src/index.css"],"stack":null}
[2026-06-19T17:46:55.277Z] {"timestamp":1781891214126,"level":"DEBUG","args":["[vite]","hot updated: /src/components/PremiumHero.tsx"],"stack":null}
[2026-06-19T17:46:56.993Z] {"timestamp":1781891215773,"level":"DEBUG","args":["[vite]","hot updated: /src/index.css"],"stack":null}
[2026-06-19T17:46:56.993Z] {"timestamp":1781891215773,"level":"DEBUG","args":["[vite]","hot updated: /src/components/PremiumHero.tsx"],"stack":null}
[2026-06-19T17:47:24.959Z] {"timestamp":1781891242051,"level":"DEBUG","args":["[Manus] Debug collector initialized (no rrweb, UI events only)"],"stack":null}
[2026-06-19T17:47:24.959Z] {"timestamp":1781891242060,"level":"DEBUG","args":["[vite] connected."],"stack":null}
[2026-06-19T17:47:24.959Z] {"timestamp":1781891242145,"level":"INFO","args":["%cDownload the React DevTools for a better development experience: https://react.dev/link/react-devtools","font-weight:bold"],"stack":null}
[2026-06-19T17:47:27.772Z] {"timestamp":1781891245751,"level":"DEBUG","args":["[Manus] Debug collector initialized (no rrweb, UI events only)"],"stack":null}
[2026-06-19T17:47:27.772Z] {"timestamp":1781891245764,"level":"DEBUG","args":["[vite] connected."],"stack":null}
[2026-06-19T17:55:24.081Z] {"timestamp":1781891271007,"level":"LOG","args":["[vite] server connection lost. Polling for restart..."],"stack":null}
[2026-06-19T17:55:27.963Z] {"timestamp":1781891725560,"level":"DEBUG","args":["[Manus] Debug collector initialized (no rrweb, UI events only)"],"stack":null}
[2026-06-19T17:55:27.963Z] {"timestamp":1781891726067,"level":"DEBUG","args":["[vite] connected."],"stack":null}
[2026-06-19T17:55:27.963Z] {"timestamp":1781891726227,"level":"INFO","args":["%cDownload the React DevTools for a better development experience: https://react.dev/link/react-devtools","font-weight:bold"],"stack":null}
[2026-06-19T17:55:28.873Z] {"timestamp":1781891271008,"level":"LOG","args":["[vite] server connection lost. Polling for restart..."],"stack":null}
[2026-06-19T17:55:30.971Z] {"timestamp":1781891728964,"level":"DEBUG","args":["[Manus] Debug collector initialized (no rrweb, UI events only)"],"stack":null}
[2026-06-19T17:55:30.971Z] {"timestamp":1781891728977,"level":"DEBUG","args":["[vite] connected."],"stack":null}
[2026-06-19T17:55:35.004Z] {"timestamp":1781891271008,"level":"LOG","args":["[vite] server connection lost. Polling for restart..."],"stack":null}
[2026-06-19T17:55:44.976Z] {"timestamp":1781891271005,"level":"LOG","args":["[vite] server connection lost. Polling for restart..."],"stack":null}
[2026-06-19T17:55:48.976Z] {"timestamp":1781891746809,"level":"DEBUG","args":["[Manus] Debug collector initialized (no rrweb, UI events only)"],"stack":null}
[2026-06-19T17:55:48.976Z] {"timestamp":1781891747405,"level":"DEBUG","args":["[vite] connected."],"stack":null}
[2026-06-19T17:59:24.970Z] {"timestamp":1781891964536,"level":"DEBUG","args":["[vite]","hot updated: /src/index.css"],"stack":null}
[2026-06-19T17:59:24.971Z] {"timestamp":1781891964537,"level":"DEBUG","args":["[vite]","invalidate /src/components/ui/OptimizedImage.tsx: Could not Fast Refresh (new export)"],"stack":null}
[2026-06-19T17:59:24.971Z] {"timestamp":1781891964538,"level":"DEBUG","args":["[vite]","hot updated: /src/components/ui/OptimizedImage.tsx"],"stack":null}
[2026-06-19T17:59:25.570Z] {"timestamp":1781891963730,"level":"DEBUG","args":["[vite]","hot updated: /src/index.css"],"stack":null}
[2026-06-19T17:59:25.570Z] {"timestamp":1781891963731,"level":"DEBUG","args":["[vite]","invalidate /src/components/ui/OptimizedImage.tsx: Could not Fast Refresh (new export)"],"stack":null}
[2026-06-19T17:59:25.570Z] {"timestamp":1781891963731,"level":"DEBUG","args":["[vite]","hot updated: /src/components/ui/OptimizedImage.tsx"],"stack":null}
[2026-06-19T17:59:25.570Z] {"timestamp":1781891963959,"level":"DEBUG","args":["[vite]","hot updated: /src/index.css"],"stack":null}
[2026-06-19T17:59:25.570Z] {"timestamp":1781891963960,"level":"DEBUG","args":["[vite]","hot updated: /src/components/ui/OptimizedImage.tsx"],"stack":null}
[2026-06-19T17:59:25.570Z] {"timestamp":1781891964252,"level":"DEBUG","args":["[vite]","hot updated: /src/pages/Home.tsx"],"stack":null}
[2026-06-19T17:59:26.988Z] {"timestamp":1781891965165,"level":"DEBUG","args":["[vite]","hot updated: /src/index.css"],"stack":null}
[2026-06-19T17:59:26.988Z] {"timestamp":1781891965167,"level":"DEBUG","args":["[vite]","hot updated: /src/components/ui/OptimizedImage.tsx"],"stack":null}
[2026-06-19T17:59:26.988Z] {"timestamp":1781891965797,"level":"DEBUG","args":["[vite]","hot updated: /src/pages/Home.tsx"],"stack":null}
[2026-06-19T17:59:34.976Z] {"timestamp":1781891963969,"level":"DEBUG","args":["[vite]","hot updated: /src/index.css"],"stack":null}
[2026-06-19T17:59:34.976Z] {"timestamp":1781891963972,"level":"DEBUG","args":["[vite]","invalidate /src/components/ui/OptimizedImage.tsx: Could not Fast Refresh (new export)"],"stack":null}
[2026-06-19T17:59:34.976Z] {"timestamp":1781891963972,"level":"DEBUG","args":["[vite]","hot updated: /src/components/ui/OptimizedImage.tsx"],"stack":null}
[2026-06-19T17:59:34.976Z] {"timestamp":1781891964196,"level":"DEBUG","args":["[vite]","hot updated: /src/index.css"],"stack":null}
[2026-06-19T17:59:34.976Z] {"timestamp":1781891964197,"level":"DEBUG","args":["[vite]","hot updated: /src/components/ui/OptimizedImage.tsx"],"stack":null}
[2026-06-19T17:59:34.976Z] {"timestamp":1781891964265,"level":"DEBUG","args":["[vite]","hot updated: /src/pages/Home.tsx"],"stack":null}
[2026-06-19T17:59:44.996Z] {"timestamp":1781891984879,"level":"DEBUG","args":["[vite]","hot updated: /src/index.css"],"stack":null}
[2026-06-19T17:59:45.563Z] {"timestamp":1781891984289,"level":"DEBUG","args":["[vite]","hot updated: /src/index.css"],"stack":null}
[2026-06-19T18:00:21.564Z] {"timestamp":1781892020378,"level":"DEBUG","args":["[vite]","hot updated: /src/pages/Home.tsx"],"stack":null}
[2026-06-19T18:00:21.564Z] {"timestamp":1781892020379,"level":"DEBUG","args":["[vite]","hot updated: /src/index.css"],"stack":null}
[2026-06-19T18:00:21.564Z] {"timestamp":1781892020459,"level":"DEBUG","args":["[vite]","hot updated: /src/pages/Home.tsx"],"stack":null}
[2026-06-19T18:00:21.564Z] {"timestamp":1781892020459,"level":"DEBUG","args":["[vite]","hot updated: /src/index.css"],"stack":null}
[2026-06-19T18:00:23.138Z] {"timestamp":1781892021827,"level":"DEBUG","args":["[vite]","hot updated: /src/pages/Home.tsx"],"stack":null}
[2026-06-19T18:00:23.138Z] {"timestamp":1781892021827,"level":"DEBUG","args":["[vite]","hot updated: /src/index.css"],"stack":null}
[2026-06-19T18:00:23.138Z] {"timestamp":1781892022443,"level":"DEBUG","args":["[vite]","hot updated: /src/pages/Home.tsx"],"stack":null}
[2026-06-19T18:00:23.138Z] {"timestamp":1781892022443,"level":"DEBUG","args":["[vite]","hot updated: /src/index.css"],"stack":null}
[2026-06-19T18:00:34.974Z] {"timestamp":1781891984295,"level":"DEBUG","args":["[vite]","hot updated: /src/index.css"],"stack":null}
[2026-06-19T18:00:34.974Z] {"timestamp":1781892021785,"level":"DEBUG","args":["[vite]","hot updated: /src/pages/Home.tsx"],"stack":null}
[2026-06-19T18:00:34.974Z] {"timestamp":1781892021785,"level":"DEBUG","args":["[vite]","hot updated: /src/index.css"],"stack":null}
[2026-06-19T18:00:34.974Z] {"timestamp":1781892021851,"level":"DEBUG","args":["[vite]","hot updated: /src/pages/Home.tsx"],"stack":null}
[2026-06-19T18:00:34.974Z] {"timestamp":1781892021851,"level":"DEBUG","args":["[vite]","hot updated: /src/index.css"],"stack":null}
[2026-06-19T18:00:47.565Z] {"timestamp":1781892046664,"level":"DEBUG","args":["[vite]","hot updated: /src/index.css"],"stack":null}
[2026-06-19T18:00:47.565Z] {"timestamp":1781892046665,"level":"DEBUG","args":["[vite]","hot updated: /src/components/PremiumHero.tsx"],"stack":null}
[2026-06-19T18:01:34.977Z] {"timestamp":1781892046670,"level":"DEBUG","args":["[vite]","hot updated: /src/index.css"],"stack":null}
[2026-06-19T18:01:34.977Z] {"timestamp":1781892046670,"level":"DEBUG","args":["[vite]","hot updated: /src/components/PremiumHero.tsx"],"stack":null}
[2026-06-19T18:01:35.001Z] {"timestamp":1781892047258,"level":"DEBUG","args":["[vite]","hot updated: /src/index.css"],"stack":null}
[2026-06-19T18:01:35.001Z] {"timestamp":1781892047260,"level":"DEBUG","args":["[vite]","hot updated: /src/components/PremiumHero.tsx"],"stack":null}
[2026-06-19T18:11:23.567Z] {"timestamp":1781892683387,"level":"DEBUG","args":["[vite]","hot updated: /src/index.css"],"stack":null}
[2026-06-19T18:11:23.567Z] {"timestamp":1781892683387,"level":"DEBUG","args":["[vite]","hot updated: /src/components/ui/OptimizedImage.tsx"],"stack":null}
[2026-06-19T18:11:31.574Z] {"timestamp":1781892691227,"level":"DEBUG","args":["[vite]","hot updated: /src/index.css"],"stack":null}
[2026-06-19T18:11:31.575Z] {"timestamp":1781892691227,"level":"DEBUG","args":["[vite]","hot updated: /src/components/PremiumHero.tsx"],"stack":null}
[2026-06-19T18:11:41.625Z] {"timestamp":1781892701558,"level":"DEBUG","args":["[vite]","hot updated: /src/pages/Home.tsx"],"stack":null}
[2026-06-19T18:11:41.625Z] {"timestamp":1781892701558,"level":"DEBUG","args":["[vite]","hot updated: /src/index.css"],"stack":null}
[2026-06-19T18:11:51.567Z] {"timestamp":1781892711189,"level":"DEBUG","args":["[vite]","hot updated: /src/index.css"],"stack":null}
[2026-06-19T18:11:51.567Z] {"timestamp":1781892711190,"level":"DEBUG","args":["[vite]","hot updated: /src/components/PremiumHero.tsx"],"stack":null}
[2026-06-19T18:12:32.917Z] {"timestamp":1781892750897,"level":"DEBUG","args":["[Manus] Debug collector initialized (no rrweb, UI events only)"],"stack":null}
[2026-06-19T18:12:32.917Z] {"timestamp":1781892750904,"level":"DEBUG","args":["[vite] connected."],"stack":null}
[2026-06-19T18:12:32.917Z] {"timestamp":1781892751006,"level":"INFO","args":["%cDownload the React DevTools for a better development experience: https://react.dev/link/react-devtools","font-weight:bold"],"stack":null}
[2026-06-20T05:10:11.128Z] {"timestamp":1781932208304,"level":"DEBUG","args":["[Manus] Debug collector initialized (no rrweb, UI events only)"],"stack":null}
[2026-06-20T05:10:11.128Z] {"timestamp":1781932208310,"level":"DEBUG","args":["[vite] connected."],"stack":null}
[2026-06-20T05:10:11.128Z] {"timestamp":1781932208760,"level":"INFO","args":["%cDownload the React DevTools for a better development experience: https://react.dev/link/react-devtools","font-weight:bold"],"stack":null}
[2026-06-20T05:10:14.862Z] {"timestamp":1781932212846,"level":"DEBUG","args":["[Manus] Debug collector initialized (no rrweb, UI events only)"],"stack":null}
[2026-06-20T05:10:14.862Z] {"timestamp":1781932212866,"level":"DEBUG","args":["[vite] connected."],"stack":null}
[2026-07-12T06:06:20.698Z] {"timestamp":1783836378692,"level":"DEBUG","args":["[Manus] Debug collector initialized (no rrweb, UI events only)"],"stack":null}
[2026-07-12T06:06:20.698Z] {"timestamp":1783836378985,"level":"DEBUG","args":["[vite] connected."],"stack":null}
[2026-07-12T06:06:20.698Z] {"timestamp":1783836379036,"level":"INFO","args":["%cDownload the React DevTools for a better development experience: https://react.dev/link/react-devtools","font-weight:bold"],"stack":null}
[2026-07-12T06:42:40.589Z] {"timestamp":1783838558585,"level":"DEBUG","args":["[Manus] Debug collector initialized (no rrweb, UI events only)"],"stack":null}
[2026-07-12T06:42:40.589Z] {"timestamp":1783838558594,"level":"DEBUG","args":["[vite] connected."],"stack":null}
[2026-07-12T06:42:40.589Z] {"timestamp":1783838559446,"level":"INFO","args":["%cDownload the React DevTools for a better development experience: https://react.dev/link/react-devtools","font-weight:bold"],"stack":null}
[2026-07-12T06:42:47.164Z] {"timestamp":1783838565153,"level":"DEBUG","args":["[Manus] Debug collector initialized (no rrweb, UI events only)"],"stack":null}
[2026-07-12T06:42:47.164Z] {"timestamp":1783838565173,"level":"DEBUG","args":["[vite] connected."],"stack":null}
[2026-07-12T06:42:47.164Z] {"timestamp":1783838565227,"level":"INFO","args":["%cDownload the React DevTools for a better development experience: https://react.dev/link/react-devtools","font-weight:bold"],"stack":null}
[2026-07-12T06:45:22.602Z] {"timestamp":1783838720972,"level":"DEBUG","args":["[vite]","hot updated: /src/pages/Home.tsx"],"stack":null}
[2026-07-12T06:45:22.602Z] {"timestamp":1783838720972,"level":"DEBUG","args":["[vite]","hot updated: /src/index.css"],"stack":null}
[2026-07-12T06:45:55.801Z] {"timestamp":1783838721385,"level":"DEBUG","args":["[vite]","hot updated: /src/pages/Home.tsx"],"stack":null}
[2026-07-12T06:45:55.801Z] {"timestamp":1783838721385,"level":"DEBUG","args":["[vite]","hot updated: /src/index.css"],"stack":null}
[2026-07-12T06:47:29.876Z] {"timestamp":1783838847866,"level":"DEBUG","args":["[Manus] Debug collector initialized (no rrweb, UI events only)"],"stack":null}
[2026-07-12T06:47:29.876Z] {"timestamp":1783838847875,"level":"DEBUG","args":["[vite] connected."],"stack":null}
[2026-07-12T07:00:12.815Z] {"timestamp":1783839610243,"level":"DEBUG","args":["[Manus] Debug collector initialized (no rrweb, UI events only)"],"stack":null}
[2026-07-12T07:00:12.815Z] {"timestamp":1783839610259,"level":"DEBUG","args":["[vite] connected."],"stack":null}
[2026-07-12T07:00:12.824Z] {"timestamp":1783839610309,"level":"DEBUG","args":["[Manus] Debug collector initialized (no rrweb, UI events only)"],"stack":null}
[2026-07-12T07:00:12.825Z] {"timestamp":1783839610315,"level":"DEBUG","args":["[vite] connected."],"stack":null}
[2026-07-12T07:00:12.825Z] {"timestamp":1783839610545,"level":"INFO","args":["%cDownload the React DevTools for a better development experience: https://react.dev/link/react-devtools","font-weight:bold"],"stack":null}
[2026-07-12T07:00:56.811Z] {"timestamp":1783839656348,"level":"DEBUG","args":["[vite]","hot updated: /src/pages/Home.tsx"],"stack":null}
[2026-07-12T07:00:56.811Z] {"timestamp":1783839656349,"level":"DEBUG","args":["[vite]","hot updated: /src/index.css"],"stack":null}
[2026-07-12T07:00:56.955Z] {"timestamp":1783839656161,"level":"DEBUG","args":["[vite]","hot updated: /src/pages/Home.tsx"],"stack":null}
[2026-07-12T07:00:56.955Z] {"timestamp":1783839656161,"level":"DEBUG","args":["[vite]","hot updated: /src/index.css"],"stack":null}
[2026-07-12T07:08:55.805Z] {"timestamp":1783840082297,"level":"DEBUG","args":["[vite]","hot updated: /src/App.tsx"],"stack":null}
[2026-07-12T07:08:55.805Z] {"timestamp":1783840082297,"level":"DEBUG","args":["[vite]","hot updated: /src/index.css"],"stack":null}
[2026-07-12T07:08:55.805Z] {"timestamp":1783840101258,"level":"DEBUG","args":["[vite]","hot updated: /src/pages/Home.tsx"],"stack":null}
[2026-07-12T07:08:55.805Z] {"timestamp":1783840101258,"level":"DEBUG","args":["[vite]","hot updated: /src/index.css"],"stack":null}
[2026-07-12T07:08:55.817Z] {"timestamp":1783840082127,"level":"DEBUG","args":["[vite]","hot updated: /src/App.tsx"],"stack":null}
[2026-07-12T07:08:55.818Z] {"timestamp":1783840082129,"level":"DEBUG","args":["[vite]","hot updated: /src/index.css"],"stack":null}
[2026-07-12T07:08:55.818Z] {"timestamp":1783840101191,"level":"DEBUG","args":["[vite]","hot updated: /src/pages/Home.tsx"],"stack":null}
[2026-07-12T07:08:55.818Z] {"timestamp":1783840101192,"level":"DEBUG","args":["[vite]","hot updated: /src/index.css"],"stack":null}
[2026-07-12T07:09:20.610Z] {"timestamp":1783840158614,"level":"DEBUG","args":["[Manus] Debug collector initialized (no rrweb, UI events only)"],"stack":null}
[2026-07-12T07:09:20.610Z] {"timestamp":1783840158621,"level":"DEBUG","args":["[vite] connected."],"stack":null}
[2026-07-12T07:09:20.610Z] {"timestamp":1783840158688,"level":"INFO","args":["%cDownload the React DevTools for a better development experience: https://react.dev/link/react-devtools","font-weight:bold"],"stack":null}
[2026-07-12T07:09:23.432Z] {"timestamp":1783840161435,"level":"DEBUG","args":["[Manus] Debug collector initialized (no rrweb, UI events only)"],"stack":null}
[2026-07-12T07:09:23.432Z] {"timestamp":1783840161452,"level":"DEBUG","args":["[vite] connected."],"stack":null}
[2026-07-12T07:09:23.432Z] {"timestamp":1783840161536,"level":"INFO","args":["%cDownload the React DevTools for a better development experience: https://react.dev/link/react-devtools","font-weight:bold"],"stack":null}
[2026-07-12T07:09:34.341Z] {"timestamp":1783840172345,"level":"DEBUG","args":["[Manus] Debug collector initialized (no rrweb, UI events only)"],"stack":null}
[2026-07-12T07:09:34.341Z] {"timestamp":1783840172352,"level":"DEBUG","args":["[vite] connected."],"stack":null}
[2026-07-12T07:09:34.341Z] {"timestamp":1783840172423,"level":"INFO","args":["%cDownload the React DevTools for a better development experience: https://react.dev/link/react-devtools","font-weight:bold"],"stack":null}
[2026-07-12T07:11:16.350Z] {"timestamp":1783840275725,"level":"DEBUG","args":["[vite]","hot updated: /src/components/LoadingScreen.tsx"],"stack":null}
[2026-07-12T07:11:16.350Z] {"timestamp":1783840275726,"level":"DEBUG","args":["[vite]","hot updated: /src/index.css"],"stack":null}
[2026-07-12T07:11:36.796Z] {"timestamp":1783840294912,"level":"DEBUG","args":["[vite]","hot updated: /src/pages/Home.tsx"],"stack":null}
[2026-07-12T07:11:36.796Z] {"timestamp":1783840294912,"level":"DEBUG","args":["[vite]","hot updated: /src/index.css"],"stack":null}
[2026-07-12T07:11:55.834Z] {"timestamp":1783840275917,"level":"DEBUG","args":["[vite]","hot updated: /src/components/LoadingScreen.tsx"],"stack":null}
[2026-07-12T07:11:55.834Z] {"timestamp":1783840275917,"level":"DEBUG","args":["[vite]","hot updated: /src/index.css"],"stack":null}
[2026-07-12T07:11:55.834Z] {"timestamp":1783840294807,"level":"DEBUG","args":["[vite]","hot updated: /src/pages/Home.tsx"],"stack":null}
[2026-07-12T07:11:55.834Z] {"timestamp":1783840294807,"level":"DEBUG","args":["[vite]","hot updated: /src/index.css"],"stack":null}
[2026-07-12T07:11:55.861Z] {"timestamp":1783840275730,"level":"DEBUG","args":["[vite]","hot updated: /src/components/LoadingScreen.tsx"],"stack":null}
[2026-07-12T07:11:55.861Z] {"timestamp":1783840275732,"level":"DEBUG","args":["[vite]","hot updated: /src/index.css"],"stack":null}
[2026-07-12T07:11:55.861Z] {"timestamp":1783840294739,"level":"DEBUG","args":["[vite]","hot updated: /src/pages/Home.tsx"],"stack":null}
[2026-07-12T07:11:55.861Z] {"timestamp":1783840294741,"level":"DEBUG","args":["[vite]","hot updated: /src/index.css"],"stack":null}
[2026-07-12T07:12:38.343Z] {"timestamp":1783840356322,"level":"DEBUG","args":["[Manus] Debug collector initialized (no rrweb, UI events only)"],"stack":null}
[2026-07-12T07:12:38.343Z] {"timestamp":1783840356342,"level":"DEBUG","args":["[vite] connected."],"stack":null}
[2026-07-12T07:12:38.343Z] {"timestamp":1783840356419,"level":"INFO","args":["%cDownload the React DevTools for a better development experience: https://react.dev/link/react-devtools","font-weight:bold"],"stack":null}
[2026-07-12T07:12:46.290Z] {"timestamp":1783840364278,"level":"DEBUG","args":["[Manus] Debug collector initialized (no rrweb, UI events only)"],"stack":null}
[2026-07-12T07:12:46.290Z] {"timestamp":1783840364288,"level":"DEBUG","args":["[vite] connected."],"stack":null}
[2026-07-12T07:12:46.290Z] {"timestamp":1783840364352,"level":"INFO","args":["%cDownload the React DevTools for a better development experience: https://react.dev/link/react-devtools","font-weight:bold"],"stack":null}
[2026-07-12T07:14:55.818Z] {"timestamp":1783840475055,"level":"DEBUG","args":["[vite]","hot updated: /src/pages/Home.tsx"],"stack":null}
[2026-07-12T07:14:55.818Z] {"timestamp":1783840475056,"level":"DEBUG","args":["[vite]","hot updated: /src/index.css"],"stack":null}
[2026-07-12T07:14:55.818Z] {"timestamp":1783840488506,"level":"DEBUG","args":["[vite]","hot updated: /src/index.css"],"stack":null}
[2026-07-12T07:14:55.832Z] {"timestamp":1783840475073,"level":"DEBUG","args":["[vite]","hot updated: /src/pages/Home.tsx"],"stack":null}
[2026-07-12T07:14:55.832Z] {"timestamp":1783840475074,"level":"DEBUG","args":["[vite]","hot updated: /src/index.css"],"stack":null}
[2026-07-12T07:14:55.832Z] {"timestamp":1783840488526,"level":"DEBUG","args":["[vite]","hot updated: /src/index.css"],"stack":null}
[2026-07-12T07:14:55.843Z] {"timestamp":1783840475133,"level":"DEBUG","args":["[vite]","hot updated: /src/pages/Home.tsx"],"stack":null}
[2026-07-12T07:14:55.843Z] {"timestamp":1783840475133,"level":"DEBUG","args":["[vite]","hot updated: /src/index.css"],"stack":null}
[2026-07-12T07:14:55.843Z] {"timestamp":1783840488692,"level":"DEBUG","args":["[vite]","hot updated: /src/index.css"],"stack":null}
[2026-07-12T07:14:55.853Z] {"timestamp":1783840475242,"level":"DEBUG","args":["[vite]","hot updated: /src/pages/Home.tsx"],"stack":null}
[2026-07-12T07:14:55.853Z] {"timestamp":1783840475243,"level":"DEBUG","args":["[vite]","hot updated: /src/index.css"],"stack":null}
[2026-07-12T07:14:55.853Z] {"timestamp":1783840488544,"level":"DEBUG","args":["[vite]","hot updated: /src/index.css"],"stack":null}
[2026-07-12T07:15:45.366Z] {"timestamp":1783840543351,"level":"DEBUG","args":["[Manus] Debug collector initialized (no rrweb, UI events only)"],"stack":null}
[2026-07-12T07:15:45.366Z] {"timestamp":1783840543371,"level":"DEBUG","args":["[vite] connected."],"stack":null}
[2026-07-12T07:15:45.366Z] {"timestamp":1783840543440,"level":"INFO","args":["%cDownload the React DevTools for a better development experience: https://react.dev/link/react-devtools","font-weight:bold"],"stack":null}
[2026-07-12T07:27:55.804Z] {"timestamp":1783841245088,"level":"DEBUG","args":["[vite]","hot updated: /src/pages/Home.tsx"],"stack":null}
[2026-07-12T07:27:55.804Z] {"timestamp":1783841245088,"level":"DEBUG","args":["[vite]","hot updated: /src/index.css"],"stack":null}
[2026-07-12T07:27:55.804Z] {"timestamp":1783841252161,"level":"DEBUG","args":["[vite]","hot updated: /src/index.css"],"stack":null}
[2026-07-12T07:27:55.804Z] {"timestamp":1783841252461,"level":"DEBUG","args":["[vite]","hot updated: /src/index.css"],"stack":null}
[2026-07-12T07:27:55.814Z] {"timestamp":1783841245093,"level":"DEBUG","args":["[vite]","hot updated: /src/pages/Home.tsx"],"stack":null}
[2026-07-12T07:27:55.814Z] {"timestamp":1783841245094,"level":"DEBUG","args":["[vite]","hot updated: /src/index.css"],"stack":null}
[2026-07-12T07:27:55.814Z] {"timestamp":1783841251950,"level":"DEBUG","args":["[vite]","hot updated: /src/index.css"],"stack":null}
[2026-07-12T07:27:55.814Z] {"timestamp":1783841252209,"level":"DEBUG","args":["[vite]","hot updated: /src/index.css"],"stack":null}
[2026-07-12T07:27:55.822Z] {"timestamp":1783841245085,"level":"DEBUG","args":["[vite]","hot updated: /src/pages/Home.tsx"],"stack":null}
[2026-07-12T07:27:55.822Z] {"timestamp":1783841245085,"level":"DEBUG","args":["[vite]","hot updated: /src/index.css"],"stack":null}
[2026-07-12T07:27:55.822Z] {"timestamp":1783841251394,"level":"ERROR","args":["[vite]","Failed to reload /src/index.css. This could be due to syntax errors or importing non-existent modules. (see errors above)"],"stack":"Error\n    at console.<computed> [as error] (http://10.146.14.250:3000/__manus__/debug-collector.js:391:37)\n    at Object.error (http://10.146.14.250:3000/@vite/client:809:26)\n    at HMRClient.warnFailedUpdate (http://10.146.14.250:3000/@vite/client:181:15)\n    at HMRClient.fetchUpdate (http://10.146.14.250:3000/@vite/client:212:10)\n    at async Promise.all (index 0)\n    at async HMRClient.queueUpdate (http://10.146.14.250:3000/@vite/client:196:5)\n    at async Promise.all (index 0)\n    at async handleMessage (http://10.146.14.250:3000/@vite/client:838:4)"}
[2026-07-12T07:27:55.822Z] {"timestamp":1783841251423,"level":"DEBUG","args":["[vite]","hot updated: /src/index.css"],"stack":null}
[2026-07-12T07:27:55.822Z] {"timestamp":1783841252161,"level":"DEBUG","args":["[vite]","hot updated: /src/index.css"],"stack":null}
[2026-07-12T07:27:55.828Z] {"timestamp":1783841245086,"level":"DEBUG","args":["[vite]","hot updated: /src/pages/Home.tsx"],"stack":null}
[2026-07-12T07:27:55.828Z] {"timestamp":1783841245087,"level":"DEBUG","args":["[vite]","hot updated: /src/index.css"],"stack":null}
[2026-07-12T07:27:55.828Z] {"timestamp":1783841252178,"level":"DEBUG","args":["[vite]","hot updated: /src/index.css"],"stack":null}
[2026-07-12T07:27:55.828Z] {"timestamp":1783841252485,"level":"DEBUG","args":["[vite]","hot updated: /src/index.css"],"stack":null}
[2026-07-12T07:28:55.800Z] {"timestamp":1783841323321,"level":"DEBUG","args":["[vite]","hot updated: /src/index.css"],"stack":null}
[2026-07-12T07:28:55.810Z] {"timestamp":1783841323192,"level":"DEBUG","args":["[vite]","hot updated: /src/index.css"],"stack":null}
[2026-07-12T07:28:55.817Z] {"timestamp":1783841323328,"level":"DEBUG","args":["[vite]","hot updated: /src/index.css"],"stack":null}
[2026-07-12T07:28:55.824Z] {"timestamp":1783841323320,"level":"DEBUG","args":["[vite]","hot updated: /src/index.css"],"stack":null}
[2026-07-12T07:32:07.457Z] {"timestamp":1783841525451,"level":"DEBUG","args":["[Manus] Debug collector initialized (no rrweb, UI events only)"],"stack":null}
[2026-07-12T07:32:07.458Z] {"timestamp":1783841525470,"level":"DEBUG","args":["[vite] connected."],"stack":null}
[2026-07-12T07:32:07.458Z] {"timestamp":1783841525535,"level":"INFO","args":["%cDownload the React DevTools for a better development experience: https://react.dev/link/react-devtools","font-weight:bold"],"stack":null}
[2026-07-12T07:37:19.791Z] {"timestamp":1783841838299,"level":"DEBUG","args":["[vite]","hot updated: /src/index.css"],"stack":null}
[2026-07-12T07:37:19.791Z] {"timestamp":1783841838300,"level":"DEBUG","args":["[vite]","hot updated: /src/components/HeroSlideshow.tsx"],"stack":null}
[2026-07-12T07:37:27.812Z] {"timestamp":1783841846479,"level":"DEBUG","args":["[vite]","hot updated: /src/pages/Home.tsx"],"stack":null}
[2026-07-12T07:37:27.812Z] {"timestamp":1783841846480,"level":"DEBUG","args":["[vite]","hot updated: /src/index.css"],"stack":null}
[2026-07-12T07:37:33.932Z] {"timestamp":1783841853921,"level":"DEBUG","args":["[vite]","hot updated: /src/index.css"],"stack":null}
[2026-07-12T07:37:33.932Z] {"timestamp":1783841853923,"level":"DEBUG","args":["[vite]","hot updated: /src/components/TransformationSlider.tsx"],"stack":null}
[2026-07-12T07:37:35.799Z] {"timestamp":1783841854412,"level":"DEBUG","args":["[vite]","hot updated: /src/index.css"],"stack":null}
[2026-07-12T07:37:35.799Z] {"timestamp":1783841854412,"level":"DEBUG","args":["[vite]","hot updated: /src/components/TransformationSlider.tsx"],"stack":null}
[2026-07-12T07:37:43.797Z] {"timestamp":1783841862244,"level":"DEBUG","args":["[vite]","hot updated: /src/index.css"],"stack":null}
[2026-07-12T07:37:43.797Z] {"timestamp":1783841862246,"level":"DEBUG","args":["[vite]","hot updated: /src/components/CostCalculator.tsx"],"stack":null}
[2026-07-12T07:37:55.812Z] {"timestamp":1783841838213,"level":"DEBUG","args":["[vite]","hot updated: /src/index.css"],"stack":null}
[2026-07-12T07:37:55.812Z] {"timestamp":1783841838214,"level":"DEBUG","args":["[vite]","hot updated: /src/components/HeroSlideshow.tsx"],"stack":null}
[2026-07-12T07:37:55.812Z] {"timestamp":1783841846475,"level":"DEBUG","args":["[vite]","hot updated: /src/pages/Home.tsx"],"stack":null}
[2026-07-12T07:37:55.812Z] {"timestamp":1783841846476,"level":"DEBUG","args":["[vite]","hot updated: /src/index.css"],"stack":null}
[2026-07-12T07:37:55.812Z] {"timestamp":1783841853693,"level":"DEBUG","args":["[vite]","hot updated: /src/index.css"],"stack":null}
[2026-07-12T07:37:55.812Z] {"timestamp":1783841853694,"level":"DEBUG","args":["[vite]","hot updated: /src/components/TransformationSlider.tsx"],"stack":null}
[2026-07-12T07:37:55.812Z] {"timestamp":1783841854054,"level":"DEBUG","args":["[vite]","hot updated: /src/index.css"],"stack":null}
[2026-07-12T07:37:55.812Z] {"timestamp":1783841854054,"level":"DEBUG","args":["[vite]","hot updated: /src/components/TransformationSlider.tsx"],"stack":null}
[2026-07-12T07:37:55.812Z] {"timestamp":1783841862239,"level":"DEBUG","args":["[vite]","hot updated: /src/index.css"],"stack":null}
[2026-07-12T07:37:55.812Z] {"timestamp":1783841862240,"level":"DEBUG","args":["[vite]","hot updated: /src/components/CostCalculator.tsx"],"stack":null}
[2026-07-12T07:37:55.823Z] {"timestamp":1783841838285,"level":"DEBUG","args":["[vite]","hot updated: /src/index.css"],"stack":null}
[2026-07-12T07:37:55.823Z] {"timestamp":1783841838285,"level":"DEBUG","args":["[vite]","hot updated: /src/components/HeroSlideshow.tsx"],"stack":null}
[2026-07-12T07:37:55.823Z] {"timestamp":1783841846015,"level":"DEBUG","args":["[vite]","hot updated: /src/pages/Home.tsx"],"stack":null}
[2026-07-12T07:37:55.823Z] {"timestamp":1783841846015,"level":"DEBUG","args":["[vite]","hot updated: /src/index.css"],"stack":null}
[2026-07-12T07:37:55.823Z] {"timestamp":1783841853723,"level":"DEBUG","args":["[vite]","hot updated: /src/index.css"],"stack":null}
[2026-07-12T07:37:55.823Z] {"timestamp":1783841853724,"level":"DEBUG","args":["[vite]","hot updated: /src/components/TransformationSlider.tsx"],"stack":null}
[2026-07-12T07:37:55.823Z] {"timestamp":1783841854165,"level":"DEBUG","args":["[vite]","hot updated: /src/index.css"],"stack":null}
[2026-07-12T07:37:55.823Z] {"timestamp":1783841854166,"level":"DEBUG","args":["[vite]","hot updated: /src/components/TransformationSlider.tsx"],"stack":null}
[2026-07-12T07:37:55.823Z] {"timestamp":1783841862056,"level":"DEBUG","args":["[vite]","hot updated: /src/index.css"],"stack":null}
[2026-07-12T07:37:55.823Z] {"timestamp":1783841862058,"level":"DEBUG","args":["[vite]","hot updated: /src/components/CostCalculator.tsx"],"stack":null}
[2026-07-12T07:37:55.833Z] {"timestamp":1783841838192,"level":"DEBUG","args":["[vite]","hot updated: /src/index.css"],"stack":null}
[2026-07-12T07:37:55.833Z] {"timestamp":1783841838193,"level":"DEBUG","args":["[vite]","hot updated: /src/components/HeroSlideshow.tsx"],"stack":null}
[2026-07-12T07:37:55.833Z] {"timestamp":1783841846145,"level":"DEBUG","args":["[vite]","hot updated: /src/pages/Home.tsx"],"stack":null}
[2026-07-12T07:37:55.833Z] {"timestamp":1783841846146,"level":"DEBUG","args":["[vite]","hot updated: /src/index.css"],"stack":null}
[2026-07-12T07:37:55.833Z] {"timestamp":1783841853694,"level":"DEBUG","args":["[vite]","hot updated: /src/index.css"],"stack":null}
[2026-07-12T07:37:55.833Z] {"timestamp":1783841853695,"level":"DEBUG","args":["[vite]","hot updated: /src/components/TransformationSlider.tsx"],"stack":null}
[2026-07-12T07:37:55.833Z] {"timestamp":1783841854015,"level":"DEBUG","args":["[vite]","hot updated: /src/index.css"],"stack":null}
[2026-07-12T07:37:55.833Z] {"timestamp":1783841854015,"level":"DEBUG","args":["[vite]","hot updated: /src/components/TransformationSlider.tsx"],"stack":null}
[2026-07-12T07:37:55.833Z] {"timestamp":1783841862231,"level":"DEBUG","args":["[vite]","hot updated: /src/index.css"],"stack":null}
[2026-07-12T07:37:55.834Z] {"timestamp":1783841862231,"level":"DEBUG","args":["[vite]","hot updated: /src/components/CostCalculator.tsx"],"stack":null}
[2026-07-12T07:41:29.809Z] {"timestamp":1783841992576,"level":"LOG","args":["[vite] server connection lost. Polling for restart..."],"stack":null}
[2026-07-14T06:53:07.342Z] {"timestamp":1784011984556,"level":"DEBUG","args":["[Manus] Debug collector initialized (no rrweb, UI events only)"],"stack":null}
[2026-07-14T06:53:08.764Z] {"timestamp":1784011987353,"level":"DEBUG","args":["[vite] connected."],"stack":null}
[2026-07-14T06:53:10.581Z] {"timestamp":1784011989187,"level":"INFO","args":["%cDownload the React DevTools for a better development experience: https://react.dev/link/react-devtools","font-weight:bold"],"stack":null}
[2026-07-14T07:26:49.764Z] {"timestamp":1784014007758,"level":"DEBUG","args":["[Manus] Debug collector initialized (no rrweb, UI events only)"],"stack":null}
[2026-07-14T07:26:49.764Z] {"timestamp":1784014007839,"level":"DEBUG","args":["[vite] connected."],"stack":null}
[2026-07-14T07:26:49.764Z] {"timestamp":1784014009157,"level":"INFO","args":["%cDownload the React DevTools for a better development experience: https://react.dev/link/react-devtools","font-weight:bold"],"stack":null}
[2026-07-14T07:29:58.213Z] {"timestamp":1784014197346,"level":"DEBUG","args":["[vite]","hot updated: /src/pages/Home.tsx"],"stack":null}
[2026-07-14T07:29:58.213Z] {"timestamp":1784014197347,"level":"DEBUG","args":["[vite]","hot updated: /src/index.css"],"stack":null}
[2026-07-14T07:29:59.856Z] {"timestamp":1784014198370,"level":"DEBUG","args":["[vite]","hot updated: /src/pages/Home.tsx"],"stack":null}
[2026-07-14T07:29:59.856Z] {"timestamp":1784014198394,"level":"DEBUG","args":["[vite]","hot updated: /src/index.css"],"stack":null}
[2026-07-14T07:30:13.862Z] {"timestamp":1784014212255,"level":"DEBUG","args":["[vite]","hot updated: /src/index.css"],"stack":null}
[2026-07-14T07:30:54.866Z] {"timestamp":1784014234081,"level":"DEBUG","args":["[vite]","hot updated: /src/index.css"],"stack":null}
[2026-07-14T07:30:54.866Z] {"timestamp":1784014245042,"level":"DEBUG","args":["[vite]","hot updated: /src/pages/Home.tsx"],"stack":null}
[2026-07-14T07:30:54.866Z] {"timestamp":1784014245043,"level":"DEBUG","args":["[vite]","hot updated: /src/index.css"],"stack":null}
[2026-07-14T07:32:39.428Z] {"timestamp":1784014357411,"level":"DEBUG","args":["[Manus] Debug collector initialized (no rrweb, UI events only)"],"stack":null}
[2026-07-14T07:32:39.428Z] {"timestamp":1784014357421,"level":"DEBUG","args":["[vite] connected."],"stack":null}
[2026-07-14T07:33:57.860Z] {"timestamp":1784014437813,"level":"DEBUG","args":["[vite]","hot updated: /src/index.css"],"stack":null}
[2026-07-14T07:33:57.860Z] {"timestamp":1784014437850,"level":"DEBUG","args":["[vite]","hot updated: /src/components/PortfolioSection.tsx"],"stack":null}
[2026-07-14T07:34:11.933Z] {"timestamp":1784014450666,"level":"DEBUG","args":["[vite]","hot updated: /src/pages/Home.tsx"],"stack":null}
[2026-07-14T07:34:11.933Z] {"timestamp":1784014450667,"level":"DEBUG","args":["[vite]","hot updated: /src/index.css"],"stack":null}
[2026-07-14T07:36:14.315Z] {"timestamp":1784014573556,"level":"DEBUG","args":["[vite]","hot updated: /src/pages/Home.tsx"],"stack":null}
[2026-07-14T07:36:14.315Z] {"timestamp":1784014573557,"level":"DEBUG","args":["[vite]","hot updated: /src/index.css"],"stack":null}
[2026-07-14T07:40:10.353Z] {"timestamp":1784014809459,"level":"DEBUG","args":["[vite]","hot updated: /src/pages/Home.tsx"],"stack":null}
[2026-07-14T07:40:10.353Z] {"timestamp":1784014809460,"level":"DEBUG","args":["[vite]","hot updated: /src/index.css"],"stack":null}
[2026-07-14T07:40:54.872Z] {"timestamp":1784014839115,"level":"DEBUG","args":["[vite]","hot updated: /src/index.css"],"stack":null}
[2026-07-14T07:40:54.872Z] {"timestamp":1784014839138,"level":"DEBUG","args":["[vite]","hot updated: /src/components/HeroSlideshow.tsx"],"stack":null}
[2026-07-14T07:43:05.826Z] {"timestamp":1784014983819,"level":"DEBUG","args":["[Manus] Debug collector initialized (no rrweb, UI events only)"],"stack":null}
[2026-07-14T07:43:05.826Z] {"timestamp":1784014983826,"level":"DEBUG","args":["[vite] connected."],"stack":null}
[2026-07-14T07:45:43.887Z] {"timestamp":1784015142253,"level":"DEBUG","args":["[vite]","hot updated: /src/index.css"],"stack":null}
[2026-07-14T07:45:43.887Z] {"timestamp":1784015142255,"level":"DEBUG","args":["[vite]","hot updated: /src/components/BlogSection.tsx"],"stack":null}
[2026-07-14T07:48:13.863Z] {"timestamp":1784015292587,"level":"DEBUG","args":["[vite]","hot updated: /src/index.css"],"stack":null}
[2026-07-14T07:48:13.863Z] {"timestamp":1784015292588,"level":"DEBUG","args":["[vite]","hot updated: /src/components/PortfolioSection.tsx"],"stack":null}
[2026-07-14T08:00:14.978Z] {"timestamp":1784016012965,"level":"DEBUG","args":["[Manus] Debug collector initialized (no rrweb, UI events only)"],"stack":null}
[2026-07-14T08:00:14.978Z] {"timestamp":1784016012971,"level":"DEBUG","args":["[vite] connected."],"stack":null}
[2026-07-14T08:00:14.978Z] {"timestamp":1784016013176,"level":"INFO","args":["%cDownload the React DevTools for a better development experience: https://react.dev/link/react-devtools","font-weight:bold"],"stack":null}
[2026-07-14T08:00:39.555Z] {"timestamp":1784015997617,"level":"DEBUG","args":["[vite]","hot updated: /src/pages/Home.tsx"],"stack":null}
[2026-07-14T08:00:39.555Z] {"timestamp":1784015997618,"level":"DEBUG","args":["[vite]","hot updated: /src/index.css"],"stack":null}
[2026-07-14T08:00:55.175Z] {"timestamp":1784016053163,"level":"DEBUG","args":["[Manus] Debug collector initialized (no rrweb, UI events only)"],"stack":null}
[2026-07-14T08:00:55.175Z] {"timestamp":1784016053168,"level":"DEBUG","args":["[vite] connected."],"stack":null}
[2026-07-14T08:01:22.870Z] {"timestamp":1784016078131,"level":"LOG","args":["[vite] server connection lost. Polling for restart..."],"stack":null}
[2026-07-14T08:01:22.981Z] {"timestamp":1784016078131,"level":"LOG","args":["[vite] server connection lost. Polling for restart..."],"stack":null}
[2026-07-14T08:01:24.605Z] {"timestamp":1784016078133,"level":"LOG","args":["[vite] server connection lost. Polling for restart..."],"stack":null}
[2026-07-14T08:01:25.252Z] {"timestamp":1784016083194,"level":"DEBUG","args":["[Manus] Debug collector initialized (no rrweb, UI events only)"],"stack":null}
[2026-07-14T08:01:25.252Z] {"timestamp":1784016084607,"level":"DEBUG","args":["[vite] connected."],"stack":null}
[2026-07-14T08:01:27.202Z] {"timestamp":1784016085509,"level":"INFO","args":["%cDownload the React DevTools for a better development experience: https://react.dev/link/react-devtools","font-weight:bold"],"stack":null}
[2026-07-14T08:01:29.084Z] {"timestamp":1784016087079,"level":"DEBUG","args":["[Manus] Debug collector initialized (no rrweb, UI events only)"],"stack":null}
[2026-07-14T08:01:29.084Z] {"timestamp":1784016087087,"level":"DEBUG","args":["[vite] connected."],"stack":null}
[2026-07-14T08:01:29.084Z] {"timestamp":1784016087139,"level":"INFO","args":["%cDownload the React DevTools for a better development experience: https://react.dev/link/react-devtools","font-weight:bold"],"stack":null}
[2026-07-14T08:06:29.147Z] {"timestamp":1784016387133,"level":"DEBUG","args":["[Manus] Debug collector initialized (no rrweb, UI events only)"],"stack":null}
[2026-07-14T08:06:29.147Z] {"timestamp":1784016387145,"level":"DEBUG","args":["[vite] connected."],"stack":null}
[2026-07-14T08:06:29.147Z] {"timestamp":1784016387233,"level":"INFO","args":["%cDownload the React DevTools for a better development experience: https://react.dev/link/react-devtools","font-weight:bold"],"stack":null}
[2026-07-14T08:10:54.874Z] {"timestamp":1784016619362,"level":"DEBUG","args":["[vite]","hot updated: /src/components/GallerySection.tsx"],"stack":null}
[2026-07-14T08:10:54.874Z] {"timestamp":1784016619375,"level":"DEBUG","args":["[vite]","hot updated: /src/components/GallerySection.tsx"],"stack":null}
[2026-07-14T08:10:54.874Z] {"timestamp":1784016619387,"level":"DEBUG","args":["[vite]","hot updated: /src/components/GallerySection.tsx"],"stack":null}
[2026-07-14T08:10:54.874Z] {"timestamp":1784016619405,"level":"DEBUG","args":["[vite]","hot updated: /src/components/GallerySection.tsx"],"stack":null}
[2026-07-14T08:10:54.874Z] {"timestamp":1784016619416,"level":"DEBUG","args":["[vite]","hot updated: /src/components/GallerySection.tsx"],"stack":null}
[2026-07-14T08:10:54.874Z] {"timestamp":1784016619428,"level":"DEBUG","args":["[vite]","hot updated: /src/components/GallerySection.tsx"],"stack":null}
[2026-07-14T08:10:54.874Z] {"timestamp":1784016619437,"level":"DEBUG","args":["[vite]","hot updated: /src/components/GallerySection.tsx"],"stack":null}
[2026-07-14T08:10:54.874Z] {"timestamp":1784016619448,"level":"DEBUG","args":["[vite]","hot updated: /src/components/GallerySection.tsx"],"stack":null}
[2026-07-14T08:10:54.874Z] {"timestamp":1784016619458,"level":"DEBUG","args":["[vite]","hot updated: /src/components/GallerySection.tsx"],"stack":null}
[2026-07-14T08:10:54.874Z] {"timestamp":1784016619470,"level":"DEBUG","args":["[vite]","hot updated: /src/components/GallerySection.tsx"],"stack":null}
[2026-07-14T08:10:54.874Z] {"timestamp":1784016619484,"level":"DEBUG","args":["[vite]","hot updated: /src/components/GallerySection.tsx"],"stack":null}
[2026-07-14T08:10:54.874Z] {"timestamp":1784016619499,"level":"DEBUG","args":["[vite]","hot updated: /src/components/GallerySection.tsx"],"stack":null}
[2026-07-14T08:10:54.874Z] {"timestamp":1784016619510,"level":"DEBUG","args":["[vite]","hot updated: /src/components/GallerySection.tsx"],"stack":null}
[2026-07-14T08:10:54.874Z] {"timestamp":1784016619522,"level":"DEBUG","args":["[vite]","hot updated: /src/components/GallerySection.tsx"],"stack":null}
[2026-07-14T08:10:54.874Z] {"timestamp":1784016619532,"level":"DEBUG","args":["[vite]","hot updated: /src/components/GallerySection.tsx"],"stack":null}
[2026-07-14T08:10:54.874Z] {"timestamp":1784016619566,"level":"DEBUG","args":["[vite]","hot updated: /src/components/GallerySection.tsx"],"stack":null}
[2026-07-14T08:10:54.874Z] {"timestamp":1784016619577,"level":"DEBUG","args":["[vite]","hot updated: /src/components/GallerySection.tsx"],"stack":null}
[2026-07-14T08:10:54.874Z] {"timestamp":1784016619586,"level":"DEBUG","args":["[vite]","hot updated: /src/components/GallerySection.tsx"],"stack":null}
[2026-07-14T08:10:54.874Z] {"timestamp":1784016619604,"level":"DEBUG","args":["[vite]","hot updated: /src/components/GallerySection.tsx"],"stack":null}
[2026-07-14T08:10:54.874Z] {"timestamp":1784016619618,"level":"DEBUG","args":["[vite]","hot updated: /src/components/GallerySection.tsx"],"stack":null}
[2026-07-14T08:10:54.874Z] {"timestamp":1784016619629,"level":"DEBUG","args":["[vite]","hot updated: /src/components/GallerySection.tsx"],"stack":null}
[2026-07-14T08:10:54.874Z] {"timestamp":1784016619641,"level":"DEBUG","args":["[vite]","hot updated: /src/components/GallerySection.tsx"],"stack":null}
[2026-07-14T08:10:54.874Z] {"timestamp":1784016619651,"level":"DEBUG","args":["[vite]","hot updated: /src/components/GallerySection.tsx"],"stack":null}
[2026-07-14T08:10:54.874Z] {"timestamp":1784016619662,"level":"DEBUG","args":["[vite]","hot updated: /src/components/GallerySection.tsx"],"stack":null}
[2026-07-14T08:10:54.874Z] {"timestamp":1784016619673,"level":"DEBUG","args":["[vite]","hot updated: /src/components/GallerySection.tsx"],"stack":null}
[2026-07-14T08:10:54.874Z] {"timestamp":1784016619682,"level":"DEBUG","args":["[vite]","hot updated: /src/components/GallerySection.tsx"],"stack":null}
[2026-07-14T08:10:54.874Z] {"timestamp":1784016619693,"level":"DEBUG","args":["[vite]","hot updated: /src/components/GallerySection.tsx"],"stack":null}
[2026-07-14T08:10:54.874Z] {"timestamp":1784016619702,"level":"DEBUG","args":["[vite]","hot updated: /src/components/GallerySection.tsx"],"stack":null}
[2026-07-14T08:10:54.874Z] {"timestamp":1784016619717,"level":"DEBUG","args":["[vite]","hot updated: /src/components/GallerySection.tsx"],"stack":null}
[2026-07-14T08:10:54.874Z] {"timestamp":1784016619731,"level":"DEBUG","args":["[vite]","hot updated: /src/components/GallerySection.tsx"],"stack":null}
[2026-07-14T08:10:54.874Z] {"timestamp":1784016619744,"level":"DEBUG","args":["[vite]","hot updated: /src/components/GallerySection.tsx"],"stack":null}
[2026-07-14T08:10:54.874Z] {"timestamp":1784016619761,"level":"DEBUG","args":["[vite]","hot updated: /src/components/GallerySection.tsx"],"stack":null}
[2026-07-14T08:10:54.874Z] {"timestamp":1784016619770,"level":"DEBUG","args":["[vite]","hot updated: /src/components/GallerySection.tsx"],"stack":null}
[2026-07-14T08:10:54.874Z] {"timestamp":1784016619781,"level":"DEBUG","args":["[vite]","hot updated: /src/components/GallerySection.tsx"],"stack":null}
[2026-07-14T08:10:54.874Z] {"timestamp":1784016619793,"level":"DEBUG","args":["[vite]","hot updated: /src/components/GallerySection.tsx"],"stack":null}
[2026-07-14T08:10:54.874Z] {"timestamp":1784016619828,"level":"DEBUG","args":["[vite]","hot updated: /src/components/GallerySection.tsx"],"stack":null}
[2026-07-14T08:10:54.874Z] {"timestamp":1784016619839,"level":"DEBUG","args":["[vite]","hot updated: /src/components/GallerySection.tsx"],"stack":null}
[2026-07-14T08:10:54.874Z] {"timestamp":1784016619854,"level":"DEBUG","args":["[vite]","hot updated: /src/components/GallerySection.tsx"],"stack":null}
[2026-07-14T08:10:54.874Z] {"timestamp":1784016620514,"level":"DEBUG","args":["[vite]","hot updated: /src/components/GallerySection.tsx"],"stack":null}
[2026-07-14T08:10:54.874Z] {"timestamp":1784016620580,"level":"DEBUG","args":["[vite]","hot updated: /src/components/GallerySection.tsx"],"stack":null}
[2026-07-14T08:10:54.874Z] {"timestamp":1784016620597,"level":"DEBUG","args":["[vite]","hot updated: /src/components/GallerySection.tsx"],"stack":null}
[2026-07-14T08:10:54.874Z] {"timestamp":1784016620614,"level":"DEBUG","args":["[vite]","hot updated: /src/components/GallerySection.tsx"],"stack":null}
[2026-07-14T08:10:54.874Z] {"timestamp":1784016620648,"level":"DEBUG","args":["[vite]","hot updated: /src/components/GallerySection.tsx"],"stack":null}
[2026-07-14T08:10:54.874Z] {"timestamp":1784016620680,"level":"DEBUG","args":["[vite]","hot updated: /src/components/GallerySection.tsx"],"stack":null}
[2026-07-14T08:10:54.874Z] {"timestamp":1784016620697,"level":"DEBUG","args":["[vite]","hot updated: /src/components/GallerySection.tsx"],"stack":null}
[2026-07-14T08:10:54.874Z] {"timestamp":1784016620708,"level":"DEBUG","args":["[vite]","hot updated: /src/components/GallerySection.tsx"],"stack":null}
[2026-07-14T08:10:54.874Z] {"timestamp":1784016620721,"level":"DEBUG","args":["[vite]","hot updated: /src/components/GallerySection.tsx"],"stack":null}
[2026-07-14T08:10:54.874Z] {"timestamp":1784016620750,"level":"DEBUG","args":["[vite]","hot updated: /src/components/GallerySection.tsx"],"stack":null}
[2026-07-14T08:10:54.874Z] {"timestamp":1784016620761,"level":"DEBUG","args":["[vite]","hot updated: /src/components/GallerySection.tsx"],"stack":null}
[2026-07-14T08:10:54.874Z] {"timestamp":1784016620770,"level":"DEBUG","args":["[vite]","hot updated: /src/components/GallerySection.tsx"],"stack":null}
[2026-07-14T08:10:54.874Z] {"timestamp":1784016620781,"level":"DEBUG","args":["[vite]","hot updated: /src/components/GallerySection.tsx"],"stack":null}
[2026-07-14T08:10:54.874Z] {"timestamp":1784016620792,"level":"DEBUG","args":["[vite]","hot updated: /src/components/GallerySection.tsx"],"stack":null}
[2026-07-14T08:10:54.874Z] {"timestamp":1784016620799,"level":"DEBUG","args":["[vite]","hot updated: /src/components/GallerySection.tsx"],"stack":null}
[2026-07-14T08:10:54.874Z] {"timestamp":1784016620811,"level":"DEBUG","args":["[vite]","hot updated: /src/components/GallerySection.tsx"],"stack":null}
[2026-07-14T08:10:54.874Z] {"timestamp":1784016620825,"level":"DEBUG","args":["[vite]","hot updated: /src/components/GallerySection.tsx"],"stack":null}
[2026-07-14T08:10:54.874Z] {"timestamp":1784016620837,"level":"DEBUG","args":["[vite]","hot updated: /src/components/GallerySection.tsx"],"stack":null}
[2026-07-14T08:10:54.874Z] {"timestamp":1784016620853,"level":"DEBUG","args":["[vite]","hot updated: /src/components/GallerySection.tsx"],"stack":null}
[2026-07-14T08:10:54.874Z] {"timestamp":1784016620864,"level":"DEBUG","args":["[vite]","hot updated: /src/components/GallerySection.tsx"],"stack":null}
[2026-07-14T08:10:54.874Z] {"timestamp":1784016620877,"level":"DEBUG","args":["[vite]","hot updated: /src/components/GallerySection.tsx"],"stack":null}
[2026-07-14T08:10:54.874Z] {"timestamp":1784016620893,"level":"DEBUG","args":["[vite]","hot updated: /src/components/GallerySection.tsx"],"stack":null}
[2026-07-14T08:10:54.874Z] {"timestamp":1784016620905,"level":"DEBUG","args":["[vite]","hot updated: /src/components/GallerySection.tsx"],"stack":null}
[2026-07-14T08:10:54.874Z] {"timestamp":1784016620916,"level":"DEBUG","args":["[vite]","hot updated: /src/components/GallerySection.tsx"],"stack":null}
[2026-07-14T08:10:54.874Z] {"timestamp":1784016620931,"level":"DEBUG","args":["[vite]","hot updated: /src/components/GallerySection.tsx"],"stack":null}
[2026-07-14T08:10:54.874Z] {"timestamp":1784016620945,"level":"DEBUG","args":["[vite]","hot updated: /src/components/GallerySection.tsx"],"stack":null}
[2026-07-14T08:10:54.874Z] {"timestamp":1784016620967,"level":"DEBUG","args":["[vite]","hot updated: /src/components/GallerySection.tsx"],"stack":null}
[2026-07-14T08:10:54.874Z] {"timestamp":1784016620982,"level":"DEBUG","args":["[vite]","hot updated: /src/components/GallerySection.tsx"],"stack":null}
[2026-07-14T08:10:54.874Z] {"timestamp":1784016621016,"level":"DEBUG","args":["[vite]","hot updated: /src/components/GallerySection.tsx"],"stack":null}
[2026-07-14T08:10:54.874Z] {"timestamp":1784016621028,"level":"DEBUG","args":["[vite]","hot updated: /src/components/GallerySection.tsx"],"stack":null}
[2026-07-14T08:10:54.874Z] {"timestamp":1784016621039,"level":"DEBUG","args":["[vite]","hot updated: /src/components/GallerySection.tsx"],"stack":null}
[2026-07-14T08:10:54.874Z] {"timestamp":1784016621050,"level":"DEBUG","args":["[vite]","hot updated: /src/components/GallerySection.tsx"],"stack":null}
[2026-07-14T08:10:54.874Z] {"timestamp":1784016621062,"level":"DEBUG","args":["[vite]","hot updated: /src/components/GallerySection.tsx"],"stack":null}
[2026-07-14T08:10:54.874Z] {"timestamp":1784016621076,"level":"DEBUG","args":["[vite]","hot updated: /src/components/GallerySection.tsx"],"stack":null}
[2026-07-14T08:10:54.874Z] {"timestamp":1784016621087,"level":"DEBUG","args":["[vite]","hot updated: /src/components/GallerySection.tsx"],"stack":null}
[2026-07-14T08:10:54.874Z] {"timestamp":1784016621099,"level":"DEBUG","args":["[vite]","hot updated: /src/components/GallerySection.tsx"],"stack":null}
[2026-07-14T08:10:54.874Z] {"timestamp":1784016621113,"level":"DEBUG","args":["[vite]","hot updated: /src/components/GallerySection.tsx"],"stack":null}
[2026-07-14T08:10:54.874Z] {"timestamp":1784016621127,"level":"DEBUG","args":["[vite]","hot updated: /src/components/GallerySection.tsx"],"stack":null}
[2026-07-14T08:10:54.874Z] {"timestamp":1784016621140,"level":"DEBUG","args":["[vite]","hot updated: /src/components/GallerySection.tsx"],"stack":null}
[2026-07-14T08:10:54.874Z] {"timestamp":1784016621152,"level":"DEBUG","args":["[vite]","hot updated: /src/components/GallerySection.tsx"],"stack":null}
[2026-07-14T08:10:54.874Z] {"timestamp":1784016621165,"level":"DEBUG","args":["[vite]","hot updated: /src/components/GallerySection.tsx"],"stack":null}
[2026-07-14T08:10:54.874Z] {"timestamp":1784016621178,"level":"DEBUG","args":["[vite]","hot updated: /src/components/GallerySection.tsx"],"stack":null}
[2026-07-14T08:10:54.874Z] {"timestamp":1784016621190,"level":"DEBUG","args":["[vite]","hot updated: /src/components/GallerySection.tsx"],"stack":null}
[2026-07-14T08:10:54.874Z] {"timestamp":1784016621202,"level":"DEBUG","args":["[vite]","hot updated: /src/components/GallerySection.tsx"],"stack":null}
[2026-07-14T08:10:54.874Z] {"timestamp":1784016621213,"level":"DEBUG","args":["[vite]","hot updated: /src/components/GallerySection.tsx"],"stack":null}
[2026-07-14T08:10:54.874Z] {"timestamp":1784016621225,"level":"DEBUG","args":["[vite]","hot updated: /src/components/GallerySection.tsx"],"stack":null}
[2026-07-14T08:10:54.874Z] {"timestamp":1784016621236,"level":"DEBUG","args":["[vite]","hot updated: /src/components/GallerySection.tsx"],"stack":null}
[2026-07-14T08:10:54.874Z] {"timestamp":1784016621284,"level":"DEBUG","args":["[vite]","hot updated: /src/components/GallerySection.tsx"],"stack":null}
[2026-07-14T08:10:54.874Z] {"timestamp":1784016621301,"level":"DEBUG","args":["[vite]","hot updated: /src/components/GallerySection.tsx"],"stack":null}
[2026-07-14T08:10:54.874Z] {"timestamp":1784016621324,"level":"DEBUG","args":["[vite]","hot updated: /src/components/GallerySection.tsx"],"stack":null}
[2026-07-14T08:10:54.874Z] {"timestamp":1784016621337,"level":"DEBUG","args":["[vite]","hot updated: /src/components/GallerySection.tsx"],"stack":null}
[2026-07-14T08:10:54.874Z] {"timestamp":1784016621350,"level":"DEBUG","args":["[vite]","hot updated: /src/components/GallerySection.tsx"],"stack":null}
[2026-07-14T08:10:54.874Z] {"timestamp":1784016621371,"level":"DEBUG","args":["[vite]","hot updated: /src/components/GallerySection.tsx"],"stack":null}
[2026-07-14T08:10:54.874Z] {"timestamp":1784016621389,"level":"DEBUG","args":["[vite]","hot updated: /src/components/GallerySection.tsx"],"stack":null}
[2026-07-14T08:10:54.874Z] {"timestamp":1784016621405,"level":"DEBUG","args":["[vite]","hot updated: /src/components/GallerySection.tsx"],"stack":null}
[2026-07-14T08:10:54.875Z] {"timestamp":1784016621421,"level":"DEBUG","args":["[vite]","hot updated: /src/components/GallerySection.tsx"],"stack":null}
[2026-07-14T08:10:54.875Z] {"timestamp":1784016621439,"level":"DEBUG","args":["[vite]","hot updated: /src/components/GallerySection.tsx"],"stack":null}
[2026-07-14T08:10:54.875Z] {"timestamp":1784016621451,"level":"DEBUG","args":["[vite]","hot updated: /src/components/GallerySection.tsx"],"stack":null}
[2026-07-14T08:10:54.875Z] {"timestamp":1784016621465,"level":"DEBUG","args":["[vite]","hot updated: /src/components/GallerySection.tsx"],"stack":null}
[2026-07-14T08:10:54.875Z] {"timestamp":1784016621483,"level":"DEBUG","args":["[vite]","hot updated: /src/components/GallerySection.tsx"],"stack":null}
[2026-07-14T08:10:54.875Z] {"timestamp":1784016621498,"level":"DEBUG","args":["[vite]","hot updated: /src/components/GallerySection.tsx"],"stack":null}
[2026-07-14T08:10:54.875Z] {"timestamp":1784016621511,"level":"DEBUG","args":["[vite]","hot updated: /src/components/GallerySection.tsx"],"stack":null}
[2026-07-14T08:10:54.875Z] {"timestamp":1784016630344,"level":"DEBUG","args":["[vite]","hot updated: /src/components/GallerySection.tsx"],"stack":null}
[2026-07-14T08:10:54.875Z] {"timestamp":1784016630353,"level":"DEBUG","args":["[vite]","hot updated: /src/components/GallerySection.tsx"],"stack":null}
[2026-07-14T08:10:54.875Z] {"timestamp":1784016630362,"level":"DEBUG","args":["[vite]","hot updated: /src/components/GallerySection.tsx"],"stack":null}
[2026-07-14T08:10:54.883Z] {"timestamp":1784016619299,"level":"DEBUG","args":["[vite]","hot updated: /src/components/GallerySection.tsx"],"stack":null}
[2026-07-14T08:10:54.883Z] {"timestamp":1784016619312,"level":"DEBUG","args":["[vite]","hot updated: /src/components/GallerySection.tsx"],"stack":null}
[2026-07-14T08:10:54.883Z] {"timestamp":1784016619321,"level":"DEBUG","args":["[vite]","hot updated: /src/components/GallerySection.tsx"],"stack":null}
[2026-07-14T08:10:54.883Z] {"timestamp":1784016619334,"level":"DEBUG","args":["[vite]","hot updated: /src/components/GallerySection.tsx"],"stack":null}
[2026-07-14T08:10:54.883Z] {"timestamp":1784016619346,"level":"DEBUG","args":["[vite]","hot updated: /src/components/GallerySection.tsx"],"stack":null}
[2026-07-14T08:10:54.883Z] {"timestamp":1784016619364,"level":"DEBUG","args":["[vite]","hot updated: /src/components/GallerySection.tsx"],"stack":null}
[2026-07-14T08:10:54.883Z] {"timestamp":1784016619372,"level":"DEBUG","args":["[vite]","hot updated: /src/components/GallerySection.tsx"],"stack":null}
[2026-07-14T08:10:54.883Z] {"timestamp":1784016619387,"level":"DEBUG","args":["[vite]","hot updated: /src/components/GallerySection.tsx"],"stack":null}
[2026-07-14T08:10:54.883Z] {"timestamp":1784016619398,"level":"DEBUG","args":["[vite]","hot updated: /src/components/GallerySection.tsx"],"stack":null}
[2026-07-14T08:10:54.883Z] {"timestamp":1784016619407,"level":"DEBUG","args":["[vite]","hot updated: /src/components/GallerySection.tsx"],"stack":null}
[2026-07-14T08:10:54.883Z] {"timestamp":1784016619421,"level":"DEBUG","args":["[vite]","hot updated: /src/components/GallerySection.tsx"],"stack":null}
[2026-07-14T08:10:54.883Z] {"timestamp":1784016619429,"level":"DEBUG","args":["[vite]","hot updated: /src/components/GallerySection.tsx"],"stack":null}
[2026-07-14T08:10:54.883Z] {"timestamp":1784016619442,"level":"DEBUG","args":["[vite]","hot updated: /src/components/GallerySection.tsx"],"stack":null}
[2026-07-14T08:10:54.883Z] {"timestamp":1784016619452,"level":"DEBUG","args":["[vite]","hot updated: /src/components/GallerySection.tsx"],"stack":null}
[2026-07-14T08:10:54.883Z] {"timestamp":1784016619463,"level":"DEBUG","args":["[vite]","hot updated: /src/components/GallerySection.tsx"],"stack":null}
[2026-07-14T08:10:54.883Z] {"timestamp":1784016619475,"level":"DEBUG","args":["[vite]","hot updated: /src/components/GallerySection.tsx"],"stack":null}
[2026-07-14T08:10:54.883Z] {"timestamp":1784016619489,"level":"DEBUG","args":["[vite]","hot updated: /src/components/GallerySection.tsx"],"stack":null}
[2026-07-14T08:10:54.883Z] {"timestamp":1784016619498,"level":"DEBUG","args":["[vite]","hot updated: /src/components/GallerySection.tsx"],"stack":null}
[2026-07-14T08:10:54.883Z] {"timestamp":1784016619509,"level":"DEBUG","args":["[vite]","hot updated: /src/components/GallerySection.tsx"],"stack":null}
[2026-07-14T08:10:54.883Z] {"timestamp":1784016619520,"level":"DEBUG","args":["[vite]","hot updated: /src/components/GallerySection.tsx"],"stack":null}
[2026-07-14T08:10:54.883Z] {"timestamp":1784016619531,"level":"DEBUG","args":["[vite]","hot updated: /src/components/GallerySection.tsx"],"stack":null}
[2026-07-14T08:10:54.883Z] {"timestamp":1784016619541,"level":"DEBUG","args":["[vite]","hot updated: /src/components/GallerySection.tsx"],"stack":null}
[2026-07-14T08:10:54.883Z] {"timestamp":1784016619549,"level":"DEBUG","args":["[vite]","hot updated: /src/components/GallerySection.tsx"],"stack":null}
[2026-07-14T08:10:54.883Z] {"timestamp":1784016619558,"level":"DEBUG","args":["[vite]","hot updated: /src/components/GallerySection.tsx"],"stack":null}
[2026-07-14T08:10:54.883Z] {"timestamp":1784016619569,"level":"DEBUG","args":["[vite]","hot updated: /src/components/GallerySection.tsx"],"stack":null}
[2026-07-14T08:10:54.883Z] {"timestamp":1784016619580,"level":"DEBUG","args":["[vite]","hot updated: /src/components/GallerySection.tsx"],"stack":null}
[2026-07-14T08:10:54.883Z] {"timestamp":1784016619592,"level":"DEBUG","args":["[vite]","hot updated: /src/components/GallerySection.tsx"],"stack":null}
[2026-07-14T08:10:54.883Z] {"timestamp":1784016619603,"level":"DEBUG","args":["[vite]","hot updated: /src/components/GallerySection.tsx"],"stack":null}
[2026-07-14T08:10:54.883Z] {"timestamp":1784016619615,"level":"DEBUG","args":["[vite]","hot updated: /src/components/GallerySection.tsx"],"stack":null}
[2026-07-14T08:10:54.883Z] {"timestamp":1784016619626,"level":"DEBUG","args":["[vite]","hot updated: /src/components/GallerySection.tsx"],"stack":null}
[2026-07-14T08:10:54.883Z] {"timestamp":1784016619640,"level":"DEBUG","args":["[vite]","hot updated: /src/components/GallerySection.tsx"],"stack":null}
[2026-07-14T08:10:54.883Z] {"timestamp":1784016619649,"level":"DEBUG","args":["[vite]","hot updated: /src/components/GallerySection.tsx"],"stack":null}
[2026-07-14T08:10:54.883Z] {"timestamp":1784016619659,"level":"DEBUG","args":["[vite]","hot updated: /src/components/GallerySection.tsx"],"stack":null}
[2026-07-14T08:10:54.883Z] {"timestamp":1784016619668,"level":"DEBUG","args":["[vite]","hot updated: /src/components/GallerySection.tsx"],"stack":null}
[2026-07-14T08:10:54.883Z] {"timestamp":1784016619677,"level":"DEBUG","args":["[vite]","hot updated: /src/components/GallerySection.tsx"],"stack":null}
[2026-07-14T08:10:54.883Z] {"timestamp":1784016619687,"level":"DEBUG","args":["[vite]","hot updated: /src/components/GallerySection.tsx"],"stack":null}
[2026-07-14T08:10:54.883Z] {"timestamp":1784016619697,"level":"DEBUG","args":["[vite]","hot updated: /src/components/GallerySection.tsx"],"stack":null}
[2026-07-14T08:10:54.883Z] {"timestamp":1784016619707,"level":"DEBUG","args":["[vite]","hot updated: /src/components/GallerySection.tsx"],"stack":null}
[2026-07-14T08:10:54.883Z] {"timestamp":1784016619725,"level":"DEBUG","args":["[vite]","hot updated: /src/components/GallerySection.tsx"],"stack":null}
[2026-07-14T08:10:54.883Z] {"timestamp":1784016619737,"level":"DEBUG","args":["[vite]","hot updated: /src/components/GallerySection.tsx"],"stack":null}
[2026-07-14T08:10:54.883Z] {"timestamp":1784016619744,"level":"DEBUG","args":["[vite]","hot updated: /src/components/GallerySection.tsx"],"stack":null}
[2026-07-14T08:10:54.883Z] {"timestamp":1784016619760,"level":"DEBUG","args":["[vite]","hot updated: /src/components/GallerySection.tsx"],"stack":null}
[2026-07-14T08:10:54.883Z] {"timestamp":1784016619770,"level":"DEBUG","args":["[vite]","hot updated: /src/components/GallerySection.tsx"],"stack":null}
[2026-07-14T08:10:54.883Z] {"timestamp":1784016619780,"level":"DEBUG","args":["[vite]","hot updated: /src/components/GallerySection.tsx"],"stack":null}
[2026-07-14T08:10:54.883Z] {"timestamp":1784016619789,"level":"DEBUG","args":["[vite]","hot updated: /src/components/GallerySection.tsx"],"stack":null}
[2026-07-14T08:10:54.883Z] {"timestamp":1784016619805,"level":"DEBUG","args":["[vite]","hot updated: /src/components/GallerySection.tsx"],"stack":null}
[2026-07-14T08:10:54.883Z] {"timestamp":1784016619820,"level":"DEBUG","args":["[vite]","hot updated: /src/components/GallerySection.tsx"],"stack":null}
[2026-07-14T08:10:54.883Z] {"timestamp":1784016619831,"level":"DEBUG","args":["[vite]","hot updated: /src/components/GallerySection.tsx"],"stack":null}
[2026-07-14T08:10:54.883Z] {"timestamp":1784016619850,"level":"DEBUG","args":["[vite]","hot updated: /src/components/GallerySection.tsx"],"stack":null}
[2026-07-14T08:10:54.883Z] {"timestamp":1784016620251,"level":"DEBUG","args":["[vite]","hot updated: /src/components/GallerySection.tsx"],"stack":null}
[2026-07-14T08:10:54.883Z] {"timestamp":1784016620532,"level":"DEBUG","args":["[vite]","hot updated: /src/components/GallerySection.tsx"],"stack":null}
[2026-07-14T08:10:54.883Z] {"timestamp":1784016620544,"level":"DEBUG","args":["[vite]","hot updated: /src/components/GallerySection.tsx"],"stack":null}
[2026-07-14T08:10:54.883Z] {"timestamp":1784016620554,"level":"DEBUG","args":["[vite]","hot updated: /src/components/GallerySection.tsx"],"stack":null}
[2026-07-14T08:10:54.883Z] {"timestamp":1784016620564,"level":"DEBUG","args":["[vite]","hot updated: /src/components/GallerySection.tsx"],"stack":null}
[2026-07-14T08:10:54.883Z] {"timestamp":1784016620586,"level":"DEBUG","args":["[vite]","hot updated: /src/components/GallerySection.tsx"],"stack":null}
[2026-07-14T08:10:54.883Z] {"timestamp":1784016620602,"level":"DEBUG","args":["[vite]","hot updated: /src/components/GallerySection.tsx"],"stack":null}
[2026-07-14T08:10:54.883Z] {"timestamp":1784016620614,"level":"DEBUG","args":["[vite]","hot updated: /src/components/GallerySection.tsx"],"stack":null}
[2026-07-14T08:10:54.883Z] {"timestamp":1784016620633,"level":"DEBUG","args":["[vite]","hot updated: /src/components/GallerySection.tsx"],"stack":null}
[2026-07-14T08:10:54.883Z] {"timestamp":1784016620642,"level":"DEBUG","args":["[vite]","hot updated: /src/components/GallerySection.tsx"],"stack":null}
[2026-07-14T08:10:54.883Z] {"timestamp":1784016620691,"level":"DEBUG","args":["[vite]","hot updated: /src/components/GallerySection.tsx"],"stack":null}
[2026-07-14T08:10:54.883Z] {"timestamp":1784016620699,"level":"DEBUG","args":["[vite]","hot updated: /src/components/GallerySection.tsx"],"stack":null}
[2026-07-14T08:10:54.883Z] {"timestamp":1784016620708,"level":"DEBUG","args":["[vite]","hot updated: /src/components/GallerySection.tsx"],"stack":null}
[2026-07-14T08:10:54.883Z] {"timestamp":1784016620717,"level":"DEBUG","args":["[vite]","hot updated: /src/components/GallerySection.tsx"],"stack":null}
[2026-07-14T08:10:54.883Z] {"timestamp":1784016620729,"level":"DEBUG","args":["[vite]","hot updated: /src/components/GallerySection.tsx"],"stack":null}
[2026-07-14T08:10:54.883Z] {"timestamp":1784016620738,"level":"DEBUG","args":["[vite]","hot updated: /src/components/GallerySection.tsx"],"stack":null}
[2026-07-14T08:10:54.883Z] {"timestamp":1784016620746,"level":"DEBUG","args":["[vite]","hot updated: /src/components/GallerySection.tsx"],"stack":null}
[2026-07-14T08:10:54.883Z] {"timestamp":1784016620754,"level":"DEBUG","args":["[vite]","hot updated: /src/components/GallerySection.tsx"],"stack":null}
[2026-07-14T08:10:54.883Z] {"timestamp":1784016620763,"level":"DEBUG","args":["[vite]","hot updated: /src/components/GallerySection.tsx"],"stack":null}
[2026-07-14T08:10:54.883Z] {"timestamp":1784016620774,"level":"DEBUG","args":["[vite]","hot updated: /src/components/GallerySection.tsx"],"stack":null}
[2026-07-14T08:10:54.883Z] {"timestamp":1784016620784,"level":"DEBUG","args":["[vite]","hot updated: /src/components/GallerySection.tsx"],"stack":null}
[2026-07-14T08:10:54.883Z] {"timestamp":1784016620792,"level":"DEBUG","args":["[vite]","hot updated: /src/components/GallerySection.tsx"],"stack":null}
[2026-07-14T08:10:54.883Z] {"timestamp":1784016620801,"level":"DEBUG","args":["[vite]","hot updated: /src/components/GallerySection.tsx"],"stack":null}
[2026-07-14T08:10:54.883Z] {"timestamp":1784016620811,"level":"DEBUG","args":["[vite]","hot updated: /src/components/GallerySection.tsx"],"stack":null}
[2026-07-14T08:10:54.883Z] {"timestamp":1784016620825,"level":"DEBUG","args":["[vite]","hot updated: /src/components/GallerySection.tsx"],"stack":null}
[2026-07-14T08:10:54.883Z] {"timestamp":1784016620834,"level":"DEBUG","args":["[vite]","hot updated: /src/components/GallerySection.tsx"],"stack":null}
[2026-07-14T08:10:54.883Z] {"timestamp":1784016620851,"level":"DEBUG","args":["[vite]","hot updated: /src/components/GallerySection.tsx"],"stack":null}
[2026-07-14T08:10:54.883Z] {"timestamp":1784016620863,"level":"DEBUG","args":["[vite]","hot updated: /src/components/GallerySection.tsx"],"stack":null}
[2026-07-14T08:10:54.883Z] {"timestamp":1784016620874,"level":"DEBUG","args":["[vite]","hot updated: /src/components/GallerySection.tsx"],"stack":null}
[2026-07-14T08:10:54.883Z] {"timestamp":1784016620888,"level":"DEBUG","args":["[vite]","hot updated: /src/components/GallerySection.tsx"],"stack":null}
[2026-07-14T08:10:54.883Z] {"timestamp":1784016620897,"level":"DEBUG","args":["[vite]","hot updated: /src/components/GallerySection.tsx"],"stack":null}
[2026-07-14T08:10:54.883Z] {"timestamp":1784016620911,"level":"DEBUG","args":["[vite]","hot updated: /src/components/GallerySection.tsx"],"stack":null}
[2026-07-14T08:10:54.883Z] {"timestamp":1784016620923,"level":"DEBUG","args":["[vite]","hot updated: /src/components/GallerySection.tsx"],"stack":null}
[2026-07-14T08:10:54.883Z] {"timestamp":1784016620935,"level":"DEBUG","args":["[vite]","hot updated: /src/components/GallerySection.tsx"],"stack":null}
[2026-07-14T08:10:54.883Z] {"timestamp":1784016620956,"level":"DEBUG","args":["[vite]","hot updated: /src/components/GallerySection.tsx"],"stack":null}
[2026-07-14T08:10:54.883Z] {"timestamp":1784016620967,"level":"DEBUG","args":["[vite]","hot updated: /src/components/GallerySection.tsx"],"stack":null}
[2026-07-14T08:10:54.883Z] {"timestamp":1784016620984,"level":"DEBUG","args":["[vite]","hot updated: /src/components/GallerySection.tsx"],"stack":null}
[2026-07-14T08:10:54.883Z] {"timestamp":1784016620995,"level":"DEBUG","args":["[vite]","hot updated: /src/components/GallerySection.tsx"],"stack":null}
[2026-07-14T08:10:54.883Z] {"timestamp":1784016621005,"level":"DEBUG","args":["[vite]","hot updated: /src/components/GallerySection.tsx"],"stack":null}
[2026-07-14T08:10:54.883Z] {"timestamp":1784016621016,"level":"DEBUG","args":["[vite]","hot updated: /src/components/GallerySection.tsx"],"stack":null}
[2026-07-14T08:10:54.883Z] {"timestamp":1784016621027,"level":"DEBUG","args":["[vite]","hot updated: /src/components/GallerySection.tsx"],"stack":null}
[2026-07-14T08:10:54.883Z] {"timestamp":1784016621038,"level":"DEBUG","args":["[vite]","hot updated: /src/components/GallerySection.tsx"],"stack":null}
[2026-07-14T08:10:54.883Z] {"timestamp":1784016621050,"level":"DEBUG","args":["[vite]","hot updated: /src/components/GallerySection.tsx"],"stack":null}
[2026-07-14T08:10:54.883Z] {"timestamp":1784016621060,"level":"DEBUG","args":["[vite]","hot updated: /src/components/GallerySection.tsx"],"stack":null}
[2026-07-14T08:10:54.883Z] {"timestamp":1784016621074,"level":"DEBUG","args":["[vite]","hot updated: /src/components/GallerySection.tsx"],"stack":null}
[2026-07-14T08:10:54.883Z] {"timestamp":1784016621091,"level":"DEBUG","args":["[vite]","hot updated: /src/components/GallerySection.tsx"],"stack":null}
[2026-07-14T08:10:54.883Z] {"timestamp":1784016621102,"level":"DEBUG","args":["[vite]","hot updated: /src/components/GallerySection.tsx"],"stack":null}
[2026-07-14T08:10:54.883Z] {"timestamp":1784016621113,"level":"DEBUG","args":["[vite]","hot updated: /src/components/GallerySection.tsx"],"stack":null}
[2026-07-14T08:10:54.883Z] {"timestamp":1784016621125,"level":"DEBUG","args":["[vite]","hot updated: /src/components/GallerySection.tsx"],"stack":null}
[2026-07-14T08:10:54.883Z] {"timestamp":1784016621138,"level":"DEBUG","args":["[vite]","hot updated: /src/components/GallerySection.tsx"],"stack":null}
[2026-07-14T08:10:54.883Z] {"timestamp":1784016621153,"level":"DEBUG","args":["[vite]","hot updated: /src/components/GallerySection.tsx"],"stack":null}
[2026-07-14T08:10:54.883Z] {"timestamp":1784016630344,"level":"DEBUG","args":["[vite]","hot updated: /src/components/GallerySection.tsx"],"stack":null}
[2026-07-14T08:10:54.883Z] {"timestamp":1784016630355,"level":"DEBUG","args":["[vite]","hot updated: /src/components/GallerySection.tsx"],"stack":null}
[2026-07-14T08:10:54.883Z] {"timestamp":1784016630364,"level":"DEBUG","args":["[vite]","hot updated: /src/components/GallerySection.tsx"],"stack":null}
[2026-07-14T08:11:29.877Z] {"timestamp":1784016687724,"level":"DEBUG","args":["[Manus] Debug collector initialized (no rrweb, UI events only)"],"stack":null}
[2026-07-14T08:11:29.877Z] {"timestamp":1784016687728,"level":"DEBUG","args":["[vite] connected."],"stack":null}
[2026-07-14T08:12:49.961Z] {"timestamp":1784016768849,"level":"DEBUG","args":["[vite]","hot updated: /src/components/GallerySection.tsx"],"stack":null}
[2026-07-14T08:12:49.961Z] {"timestamp":1784016768850,"level":"DEBUG","args":["[vite]","hot updated: /src/index.css"],"stack":null}
[2026-07-14T08:12:50.077Z] {"timestamp":1784016768882,"level":"DEBUG","args":["[vite]","hot updated: /src/components/GallerySection.tsx"],"stack":null}
[2026-07-14T08:12:50.077Z] {"timestamp":1784016768883,"level":"DEBUG","args":["[vite]","hot updated: /src/index.css"],"stack":null}
[2026-07-14T08:12:54.870Z] {"timestamp":1784016768641,"level":"DEBUG","args":["[vite]","hot updated: /src/components/GallerySection.tsx"],"stack":null}
[2026-07-14T08:12:54.870Z] {"timestamp":1784016768642,"level":"DEBUG","args":["[vite]","hot updated: /src/index.css"],"stack":null}
[2026-07-14T08:16:15.861Z] {"timestamp":1784016975448,"level":"DEBUG","args":["[vite]","hot updated: /src/components/FounderSection.tsx"],"stack":null}
[2026-07-14T08:16:15.861Z] {"timestamp":1784016975449,"level":"DEBUG","args":["[vite]","hot updated: /src/index.css"],"stack":null}
[2026-07-14T08:16:15.863Z] {"timestamp":1784016975831,"level":"DEBUG","args":["[vite]","hot updated: /src/components/FounderSection.tsx"],"stack":null}
[2026-07-14T08:16:15.863Z] {"timestamp":1784016975851,"level":"DEBUG","args":["[vite]","hot updated: /src/index.css"],"stack":null}
[2026-07-14T08:16:54.868Z] {"timestamp":1784016975298,"level":"DEBUG","args":["[vite]","hot updated: /src/components/FounderSection.tsx"],"stack":null}
[2026-07-14T08:16:54.868Z] {"timestamp":1784016975299,"level":"DEBUG","args":["[vite]","hot updated: /src/index.css"],"stack":null}
[2026-07-14T08:18:47.478Z] {"timestamp":1784017125472,"level":"DEBUG","args":["[Manus] Debug collector initialized (no rrweb, UI events only)"],"stack":null}
[2026-07-14T08:18:47.478Z] {"timestamp":1784017125481,"level":"DEBUG","args":["[vite] connected."],"stack":null}
[2026-07-14T08:18:47.478Z] {"timestamp":1784017125597,"level":"INFO","args":["%cDownload the React DevTools for a better development experience: https://react.dev/link/react-devtools","font-weight:bold"],"stack":null}
[2026-07-14T08:18:50.268Z] {"timestamp":1784017128260,"level":"DEBUG","args":["[Manus] Debug collector initialized (no rrweb, UI events only)"],"stack":null}
[2026-07-14T08:18:50.269Z] {"timestamp":1784017128278,"level":"DEBUG","args":["[vite] connected."],"stack":null}
[2026-07-14T08:18:50.269Z] {"timestamp":1784017128417,"level":"INFO","args":["%cDownload the React DevTools for a better development experience: https://react.dev/link/react-devtools","font-weight:bold"],"stack":null}
[2026-07-14T08:19:33.883Z] {"timestamp":1784017161230,"level":"LOG","args":["[vite] server connection lost. Polling for restart..."],"stack":null}
[2026-07-14T08:19:42.046Z] {"timestamp":1784017180035,"level":"DEBUG","args":["[Manus] Debug collector initialized (no rrweb, UI events only)"],"stack":null}
[2026-07-14T08:19:42.046Z] {"timestamp":1784017180107,"level":"DEBUG","args":["[vite] connected."],"stack":null}
[2026-07-14T08:19:42.046Z] {"timestamp":1784017181398,"level":"INFO","args":["%cDownload the React DevTools for a better development experience: https://react.dev/link/react-devtools","font-weight:bold"],"stack":null}
[2026-07-14T08:24:44.915Z] {"timestamp":1784017482898,"level":"DEBUG","args":["[Manus] Debug collector initialized (no rrweb, UI events only)"],"stack":null}
[2026-07-14T08:24:44.915Z] {"timestamp":1784017482904,"level":"DEBUG","args":["[vite] connected."],"stack":null}
[2026-07-14T08:24:44.915Z] {"timestamp":1784017483472,"level":"INFO","args":["%cDownload the React DevTools for a better development experience: https://react.dev/link/react-devtools","font-weight:bold"],"stack":null}
[2026-07-14T08:24:54.884Z] {"timestamp":1784017455440,"level":"DEBUG","args":["[vite]","hot updated: /src/components/GallerySection.tsx"],"stack":null}
[2026-07-14T08:24:54.885Z] {"timestamp":1784017455451,"level":"DEBUG","args":["[vite]","hot updated: /src/components/GallerySection.tsx"],"stack":null}
[2026-07-14T08:28:28.912Z] {"timestamp":1784017707575,"level":"ERROR","args":["[vite]","Failed to reload /src/components/GallerySection.tsx. This could be due to syntax errors or importing non-existent modules. (see errors above)"],"stack":"Error\n    at console.error (http://localhost:3000/__manus__/debug-collector.js:391:37)\n    at Object.error (http://localhost:3000/@vite/client:809:26)\n    at HMRClient.warnFailedUpdate (http://localhost:3000/@vite/client:181:15)\n    at HMRClient.fetchUpdate (http://localhost:3000/@vite/client:212:10)\n    at async Promise.all (index 1)\n    at async HMRClient.queueUpdate (http://localhost:3000/@vite/client:196:5)\n    at async Promise.all (index 0)\n    at async handleMessage (http://localhost:3000/@vite/client:838:4)"}
[2026-07-14T08:28:28.912Z] {"timestamp":1784017707815,"level":"DEBUG","args":["[vite]","hot updated: /src/index.css"],"stack":null}
[2026-07-14T08:28:28.912Z] {"timestamp":1784017707815,"level":"DEBUG","args":["[vite]","hot updated: /src/components/GallerySection.tsx"],"stack":null}
[2026-07-14T08:28:54.889Z] {"timestamp":1784017707950,"level":"ERROR","args":["[vite]","Failed to reload /src/components/GallerySection.tsx. This could be due to syntax errors or importing non-existent modules. (see errors above)"],"stack":"Error\n    at console.<computed> [as error] (http://10.121.60.250:3000/__manus__/debug-collector.js:391:37)\n    at Object.error (http://10.121.60.250:3000/@vite/client:809:26)\n    at HMRClient.warnFailedUpdate (http://10.121.60.250:3000/@vite/client:181:15)\n    at HMRClient.fetchUpdate (http://10.121.60.250:3000/@vite/client:212:10)\n    at async Promise.all (index 1)\n    at async HMRClient.queueUpdate (http://10.121.60.250:3000/@vite/client:196:5)\n    at async Promise.all (index 0)\n    at async handleMessage (http://10.121.60.250:3000/@vite/client:838:4)"}
[2026-07-14T08:28:54.889Z] {"timestamp":1784017707956,"level":"DEBUG","args":["[vite]","hot updated: /src/index.css"],"stack":null}
[2026-07-14T08:28:54.889Z] {"timestamp":1784017707956,"level":"DEBUG","args":["[vite]","hot updated: /src/components/GallerySection.tsx"],"stack":null}
[2026-07-14T08:30:04.140Z] {"timestamp":1784017804024,"level":"DEBUG","args":["[vite]","hot updated: /src/index.css"],"stack":null}
[2026-07-14T08:30:04.140Z] {"timestamp":1784017804025,"level":"DEBUG","args":["[vite]","hot updated: /src/components/GallerySection.tsx"],"stack":null}
[2026-07-14T08:30:04.140Z] {"timestamp":1784017804065,"level":"ERROR","args":["Invalid hook call. Hooks can only be called inside of the body of a function component. This could happen for one of the following reasons:\n1. You might have mismatching versions of React and the renderer (such as React DOM)\n2. You might be breaking the Rules of Hooks\n3. You might have more than one copy of React in the same app\nSee https://react.dev/link/invalid-hook-call for tips about how to debug and fix this problem."],"stack":"Error\n    at console.error (http://localhost:3000/__manus__/debug-collector.js:391:37)\n    at resolveDispatcher (http://localhost:3000/@fs/C:/Users/LENOVO/Downloads/gautam-modular-kitchen-redesign-clone/node_modules/.vite/deps/chunk-MO2SMAW5.js?v=bf520a5c:392:40)\n    at exports.useContext (http://localhost:3000/@fs/C:/Users/LENOVO/Downloads/gautam-modular-kitchen-redesign-clone/node_modules/.vite/deps/chunk-MO2SMAW5.js?v=bf520a5c:907:26)\n    at MotionDOMComponent (http://localhost:3000/@fs/C:/Users/LENOVO/Downloads/gautam-modular-kitchen-redesign-clone/node_modules/.vite/deps/framer-motion.js?v=c5645ce0:5368:40)\n    at Object.react_stack_bottom_frame (http://localhost:3000/@fs/C:/Users/LENOVO/Downloads/gautam-modular-kitchen-redesign-clone/node_modules/.vite/deps/react-dom_client.js?v=53a8b0fd:18509:20)\n    at renderWithHooks (http://localhost:3000/@fs/C:/Users/LENOVO/Downloads/gautam-modular-kitchen-redesign-clone/node_modules/.vite/deps/react-dom_client.js?v=53a8b0fd:5654:24)\n    at updateForwardRef (http://localhost:3000/@fs/C:/Users/LENOVO/Downloads/gautam-modular-kitchen-redesign-clone/node_modules/.vite/deps/react-dom_client.js?v=53a8b0fd:7198:21)\n    at beginWork (http://localhost:3000/@fs/C:/Users/LENOVO/Downloads/gautam-modular-kitchen-redesign-clone/node_modules/.vite/deps/react-dom_client.js?v=53a8b0fd:8735:20)\n    at runWithFiberInDEV (http://localhost:3000/@fs/C:/Users/LENOVO/Downloads/gautam-modular-kitchen-redesign-clone/node_modules/.vite/deps/react-dom_client.js?v=53a8b0fd:997:72)\n    at performUnitOfWork (http://localhost:3000/@fs/C:/Users/LENOVO/Downloads/gautam-modular-kitchen-redesign-clone/node_modules/.vite/deps/react-dom_client.js?v=53a8b0fd:12561:98)"}
[2026-07-14T08:30:04.140Z] {"timestamp":1784017804100,"level":"ERROR","args":["Invalid hook call. Hooks can only be called inside of the body of a function component. This could happen for one of the following reasons:\n1. You might have mismatching versions of React and the renderer (such as React DOM)\n2. You might be breaking the Rules of Hooks\n3. You might have more than one copy of React in the same app\nSee https://react.dev/link/invalid-hook-call for tips about how to debug and fix this problem."],"stack":"Error\n    at console.error (http://localhost:3000/__manus__/debug-collector.js:391:37)\n    at resolveDispatcher (http://localhost:3000/@fs/C:/Users/LENOVO/Downloads/gautam-modular-kitchen-redesign-clone/node_modules/.vite/deps/chunk-MO2SMAW5.js?v=bf520a5c:392:40)\n    at exports.useContext (http://localhost:3000/@fs/C:/Users/LENOVO/Downloads/gautam-modular-kitchen-redesign-clone/node_modules/.vite/deps/chunk-MO2SMAW5.js?v=bf520a5c:907:26)\n    at MotionDOMComponent (http://localhost:3000/@fs/C:/Users/LENOVO/Downloads/gautam-modular-kitchen-redesign-clone/node_modules/.vite/deps/framer-motion.js?v=c5645ce0:5368:40)\n    at Object.react_stack_bottom_frame (http://localhost:3000/@fs/C:/Users/LENOVO/Downloads/gautam-modular-kitchen-redesign-clone/node_modules/.vite/deps/react-dom_client.js?v=53a8b0fd:18509:20)\n    at renderWithHooks (http://localhost:3000/@fs/C:/Users/LENOVO/Downloads/gautam-modular-kitchen-redesign-clone/node_modules/.vite/deps/react-dom_client.js?v=53a8b0fd:5654:24)\n    at updateForwardRef (http://localhost:3000/@fs/C:/Users/LENOVO/Downloads/gautam-modular-kitchen-redesign-clone/node_modules/.vite/deps/react-dom_client.js?v=53a8b0fd:7198:21)\n    at beginWork (http://localhost:3000/@fs/C:/Users/LENOVO/Downloads/gautam-modular-kitchen-redesign-clone/node_modules/.vite/deps/react-dom_client.js?v=53a8b0fd:8735:20)\n    at runWithFiberInDEV (http://localhost:3000/@fs/C:/Users/LENOVO/Downloads/gautam-modular-kitchen-redesign-clone/node_modules/.vite/deps/react-dom_client.js?v=53a8b0fd:997:72)\n    at performUnitOfWork (http://localhost:3000/@fs/C:/Users/LENOVO/Downloads/gautam-modular-kitchen-redesign-clone/node_modules/.vite/deps/react-dom_client.js?v=53a8b0fd:12561:98)"}
[2026-07-14T08:30:04.140Z] {"timestamp":1784017804110,"level":"ERROR","args":["%o\n\n%s\n\n%s\n",{"type":"Error","message":"Cannot read properties of null (reading 'useContext')","stack":"TypeError: Cannot read properties of null (reading 'useContext')\n    at exports.useContext (http://localhost:3000/@fs/C:/Users/LENOVO/Downloads/gautam-modular-kitchen-redesign-clone/node_modules/.vite/deps/chunk-MO2SMAW5.js?v=bf520a5c:911:27)\n    at MotionDOMComponent (http://localhost:3000/@fs/C:/Users/LENOVO/Downloads/gautam-modular-kitchen-redesign-clone/node_modules/.vite/deps/framer-motion.js?v=c5645ce0:5368:40)\n    at Object.react_stack_bottom_frame (http://localhost:3000/@fs/C:/Users/LENOVO/Downloads/gautam-modular-kitchen-redesign-clone/node_modules/.vite/deps/react-dom_client.js?v=53a8b0fd:18509:20)\n    at renderWithHooks (http://localhost:3000/@fs/C:/Users/LENOVO/Downloads/gautam-modular-kitchen-redesign-clone/node_modules/.vite/deps/react-dom_client.js?v=53a8b0fd:5654:24)\n    at updateForwardRef (http://localhost:3000/@fs/C:/Users/LENOVO/Downloads/gautam-modular-kitchen-redesign-clone/node_modules/.vite/deps/react-dom_client.js?v=53a8b0fd:7198:21)\n    at beginWork (http://localhost:3000/@fs/C:/Users/LENOVO/Downloads/gautam-modular-kitchen-redesign-clone/node_modules/.vite/deps/react-dom_client.js?v=53a8b0fd:8735:20)\n    at runWithFiberInDEV (http://localhost:3000/@fs/C:/Users/LENOVO/Downloads/gautam-modular-kitchen-redesign-clone/node_modules/.vite/deps/react-dom_client.js?v=53a8b0fd:997:72)\n    at performUnitOfWork (http://localhost:3000/@fs/C:/Users/LENOVO/Downloads/gautam-modular-kitchen-redesign-clone/node_modules/.vite/deps/react-dom_client.js?v=53a8b0fd:12561:98)\n    at workLoopSync (http://localhost:3000/@fs/C:/Users/LENOVO/Downloads/gautam-modular-kitchen-redesign-clone/node_modules/.vite/deps/react-dom_client.js?v=53a8b0fd:12424:43)\n    at renderRootSync (http://localhost:3000/@fs/C:/Users/LENOVO/Downloads/gautam-modular-kitchen-redesign-clone/node_modules/.vite/deps/react-dom_client.js?v=53a8b0fd:12408:13)"},"The above error occurred in the <ForwardRef(motion.div)> component.","React will try to recreate this component tree from scratch using the error boundary you provided, ErrorBoundary."],"stack":"Error\n    at console.error (http://localhost:3000/__manus__/debug-collector.js:391:37)\n    at defaultOnCaughtError (http://localhost:3000/@fs/C:/Users/LENOVO/Downloads/gautam-modular-kitchen-redesign-clone/node_modules/.vite/deps/react-dom_client.js?v=53a8b0fd:7001:19)\n    at logCaughtError (http://localhost:3000/@fs/C:/Users/LENOVO/Downloads/gautam-modular-kitchen-redesign-clone/node_modules/.vite/deps/react-dom_client.js?v=53a8b0fd:7033:11)\n    at runWithFiberInDEV (http://localhost:3000/@fs/C:/Users/LENOVO/Downloads/gautam-modular-kitchen-redesign-clone/node_modules/.vite/deps/react-dom_client.js?v=53a8b0fd:997:72)\n    at update.callback (http://localhost:3000/@fs/C:/Users/LENOVO/Downloads/gautam-modular-kitchen-redesign-clone/node_modules/.vite/deps/react-dom_client.js?v=53a8b0fd:7066:13)\n    at callCallback (http://localhost:3000/@fs/C:/Users/LENOVO/Downloads/gautam-modular-kitchen-redesign-clone/node_modules/.vite/deps/react-dom_client.js?v=53a8b0fd:5491:18)\n    at commitCallbacks (http://localhost:3000/@fs/C:/Users/LENOVO/Downloads/gautam-modular-kitchen-redesign-clone/node_modules/.vite/deps/react-dom_client.js?v=53a8b0fd:5503:13)\n    at runWithFiberInDEV (http://localhost:3000/@fs/C:/Users/LENOVO/Downloads/gautam-modular-kitchen-redesign-clone/node_modules/.vite/deps/react-dom_client.js?v=53a8b0fd:997:72)\n    at commitClassCallbacks (http://localhost:3000/@fs/C:/Users/LENOVO/Downloads/gautam-modular-kitchen-redesign-clone/node_modules/.vite/deps/react-dom_client.js?v=53a8b0fd:9490:13)\n    at commitLayoutEffectOnFiber (http://localhost:3000/@fs/C:/Users/LENOVO/Downloads/gautam-modular-kitchen-redesign-clone/node_modules/.vite/deps/react-dom_client.js?v=53a8b0fd:9958:27)"}
[2026-07-14T08:30:05.580Z] {"timestamp":1784017804048,"level":"DEBUG","args":["[vite]","hot updated: /src/index.css"],"stack":null}
[2026-07-14T08:30:05.580Z] {"timestamp":1784017804048,"level":"DEBUG","args":["[vite]","hot updated: /src/components/GallerySection.tsx"],"stack":null}
[2026-07-14T08:30:05.580Z] {"timestamp":1784017804900,"level":"ERROR","args":["Invalid hook call. Hooks can only be called inside of the body of a function component. This could happen for one of the following reasons:\n1. You might have mismatching versions of React and the renderer (such as React DOM)\n2. You might be breaking the Rules of Hooks\n3. You might have more than one copy of React in the same app\nSee https://react.dev/link/invalid-hook-call for tips about how to debug and fix this problem."],"stack":"Error\n    at console.<computed> [as error] (http://10.121.60.250:3000/__manus__/debug-collector.js:391:37)\n    at resolveDispatcher (http://10.121.60.250:3000/@fs/C:/Users/LENOVO/Downloads/gautam-modular-kitchen-redesign-clone/node_modules/.vite/deps/chunk-MO2SMAW5.js?v=bf520a5c:392:40)\n    at exports.useContext (http://10.121.60.250:3000/@fs/C:/Users/LENOVO/Downloads/gautam-modular-kitchen-redesign-clone/node_modules/.vite/deps/chunk-MO2SMAW5.js?v=bf520a5c:907:26)\n    at MotionDOMComponent (http://10.121.60.250:3000/@fs/C:/Users/LENOVO/Downloads/gautam-modular-kitchen-redesign-clone/node_modules/.vite/deps/framer-motion.js?v=c5645ce0:5368:40)\n    at Object.react_stack_bottom_frame (http://10.121.60.250:3000/@fs/C:/Users/LENOVO/Downloads/gautam-modular-kitchen-redesign-clone/node_modules/.vite/deps/react-dom_client.js?v=53a8b0fd:18509:20)\n    at renderWithHooks (http://10.121.60.250:3000/@fs/C:/Users/LENOVO/Downloads/gautam-modular-kitchen-redesign-clone/node_modules/.vite/deps/react-dom_client.js?v=53a8b0fd:5654:24)\n    at updateForwardRef (http://10.121.60.250:3000/@fs/C:/Users/LENOVO/Downloads/gautam-modular-kitchen-redesign-clone/node_modules/.vite/deps/react-dom_client.js?v=53a8b0fd:7198:21)\n    at beginWork (http://10.121.60.250:3000/@fs/C:/Users/LENOVO/Downloads/gautam-modular-kitchen-redesign-clone/node_modules/.vite/deps/react-dom_client.js?v=53a8b0fd:8735:20)\n    at runWithFiberInDEV (http://10.121.60.250:3000/@fs/C:/Users/LENOVO/Downloads/gautam-modular-kitchen-redesign-clone/node_modules/.vite/deps/react-dom_client.js?v=53a8b0fd:997:72)\n    at performUnitOfWork (http://10.121.60.250:3000/@fs/C:/Users/LENOVO/Downloads/gautam-modular-kitchen-redesign-clone/node_modules/.vite/deps/react-dom_client.js?v=53a8b0fd:12561:98)"}
[2026-07-14T08:30:05.580Z] {"timestamp":1784017805215,"level":"ERROR","args":["Invalid hook call. Hooks can only be called inside of the body of a function component. This could happen for one of the following reasons:\n1. You might have mismatching versions of React and the renderer (such as React DOM)\n2. You might be breaking the Rules of Hooks\n3. You might have more than one copy of React in the same app\nSee https://react.dev/link/invalid-hook-call for tips about how to debug and fix this problem."],"stack":"Error\n    at console.<computed> [as error] (http://10.121.60.250:3000/__manus__/debug-collector.js:391:37)\n    at resolveDispatcher (http://10.121.60.250:3000/@fs/C:/Users/LENOVO/Downloads/gautam-modular-kitchen-redesign-clone/node_modules/.vite/deps/chunk-MO2SMAW5.js?v=bf520a5c:392:40)\n    at exports.useContext (http://10.121.60.250:3000/@fs/C:/Users/LENOVO/Downloads/gautam-modular-kitchen-redesign-clone/node_modules/.vite/deps/chunk-MO2SMAW5.js?v=bf520a5c:907:26)\n    at MotionDOMComponent (http://10.121.60.250:3000/@fs/C:/Users/LENOVO/Downloads/gautam-modular-kitchen-redesign-clone/node_modules/.vite/deps/framer-motion.js?v=c5645ce0:5368:40)\n    at Object.react_stack_bottom_frame (http://10.121.60.250:3000/@fs/C:/Users/LENOVO/Downloads/gautam-modular-kitchen-redesign-clone/node_modules/.vite/deps/react-dom_client.js?v=53a8b0fd:18509:20)\n    at renderWithHooks (http://10.121.60.250:3000/@fs/C:/Users/LENOVO/Downloads/gautam-modular-kitchen-redesign-clone/node_modules/.vite/deps/react-dom_client.js?v=53a8b0fd:5654:24)\n    at updateForwardRef (http://10.121.60.250:3000/@fs/C:/Users/LENOVO/Downloads/gautam-modular-kitchen-redesign-clone/node_modules/.vite/deps/react-dom_client.js?v=53a8b0fd:7198:21)\n    at beginWork (http://10.121.60.250:3000/@fs/C:/Users/LENOVO/Downloads/gautam-modular-kitchen-redesign-clone/node_modules/.vite/deps/react-dom_client.js?v=53a8b0fd:8735:20)\n    at runWithFiberInDEV (http://10.121.60.250:3000/@fs/C:/Users/LENOVO/Downloads/gautam-modular-kitchen-redesign-clone/node_modules/.vite/deps/react-dom_client.js?v=53a8b0fd:997:72)\n    at performUnitOfWork (http://10.121.60.250:3000/@fs/C:/Users/LENOVO/Downloads/gautam-modular-kitchen-redesign-clone/node_modules/.vite/deps/react-dom_client.js?v=53a8b0fd:12561:98)"}
[2026-07-14T08:30:05.580Z] {"timestamp":1784017805228,"level":"ERROR","args":["%o\n\n%s\n\n%s\n",{"type":"Error","message":"Cannot read properties of null (reading 'useContext')","stack":"TypeError: Cannot read properties of null (reading 'useContext')\n    at exports.useContext (http://10.121.60.250:3000/@fs/C:/Users/LENOVO/Downloads/gautam-modular-kitchen-redesign-clone/node_modules/.vite/deps/chunk-MO2SMAW5.js?v=bf520a5c:911:27)\n    at MotionDOMComponent (http://10.121.60.250:3000/@fs/C:/Users/LENOVO/Downloads/gautam-modular-kitchen-redesign-clone/node_modules/.vite/deps/framer-motion.js?v=c5645ce0:5368:40)\n    at Object.react_stack_bottom_frame (http://10.121.60.250:3000/@fs/C:/Users/LENOVO/Downloads/gautam-modular-kitchen-redesign-clone/node_modules/.vite/deps/react-dom_client.js?v=53a8b0fd:18509:20)\n    at renderWithHooks (http://10.121.60.250:3000/@fs/C:/Users/LENOVO/Downloads/gautam-modular-kitchen-redesign-clone/node_modules/.vite/deps/react-dom_client.js?v=53a8b0fd:5654:24)\n    at updateForwardRef (http://10.121.60.250:3000/@fs/C:/Users/LENOVO/Downloads/gautam-modular-kitchen-redesign-clone/node_modules/.vite/deps/react-dom_client.js?v=53a8b0fd:7198:21)\n    at beginWork (http://10.121.60.250:3000/@fs/C:/Users/LENOVO/Downloads/gautam-modular-kitchen-redesign-clone/node_modules/.vite/deps/react-dom_client.js?v=53a8b0fd:8735:20)\n    at runWithFiberInDEV (http://10.121.60.250:3000/@fs/C:/Users/LENOVO/Downloads/gautam-modular-kitchen-redesign-clone/node_modules/.vite/deps/react-dom_client.js?v=53a8b0fd:997:72)\n    at performUnitOfWork (http://10.121.60.250:3000/@fs/C:/Users/LENOVO/Downloads/gautam-modular-kitchen-redesign-clone/node_modules/.vite/deps/react-dom_client.js?v=53a8b0fd:12561:98)\n    at workLoopSync (http://10.121.60.250:3000/@fs/C:/Users/LENOVO/Downloads/gautam-modular-kitchen-redesign-clone/node_modules/.vite/deps/react-dom_client.js?v=53a8b0fd:12424:43)\n    at renderRootSync (http://10.121.60.250:3000/@fs/C:/Users/LENOVO/Downloads/gautam-modular-kitchen-redesign-clone/node_modules/.vite/deps/react-dom_client.js?v=53a8b0fd:12408:13)"},"The above error occurred in the <ForwardRef(motion.div)> component.","React will try to recreate this component tree from scratch using the error boundary you provided, ErrorBoundary."],"stack":"Error\n    at console.<computed> [as error] (http://10.121.60.250:3000/__manus__/debug-collector.js:391:37)\n    at defaultOnCaughtError (http://10.121.60.250:3000/@fs/C:/Users/LENOVO/Downloads/gautam-modular-kitchen-redesign-clone/node_modules/.vite/deps/react-dom_client.js?v=53a8b0fd:7001:19)\n    at logCaughtError (http://10.121.60.250:3000/@fs/C:/Users/LENOVO/Downloads/gautam-modular-kitchen-redesign-clone/node_modules/.vite/deps/react-dom_client.js?v=53a8b0fd:7033:11)\n    at runWithFiberInDEV (http://10.121.60.250:3000/@fs/C:/Users/LENOVO/Downloads/gautam-modular-kitchen-redesign-clone/node_modules/.vite/deps/react-dom_client.js?v=53a8b0fd:997:72)\n    at update.callback (http://10.121.60.250:3000/@fs/C:/Users/LENOVO/Downloads/gautam-modular-kitchen-redesign-clone/node_modules/.vite/deps/react-dom_client.js?v=53a8b0fd:7066:13)\n    at callCallback (http://10.121.60.250:3000/@fs/C:/Users/LENOVO/Downloads/gautam-modular-kitchen-redesign-clone/node_modules/.vite/deps/react-dom_client.js?v=53a8b0fd:5491:18)\n    at commitCallbacks (http://10.121.60.250:3000/@fs/C:/Users/LENOVO/Downloads/gautam-modular-kitchen-redesign-clone/node_modules/.vite/deps/react-dom_client.js?v=53a8b0fd:5503:13)\n    at runWithFiberInDEV (http://10.121.60.250:3000/@fs/C:/Users/LENOVO/Downloads/gautam-modular-kitchen-redesign-clone/node_modules/.vite/deps/react-dom_client.js?v=53a8b0fd:997:72)\n    at commitClassCallbacks (http://10.121.60.250:3000/@fs/C:/Users/LENOVO/Downloads/gautam-modular-kitchen-redesign-clone/node_modules/.vite/deps/react-dom_client.js?v=53a8b0fd:9490:13)\n    at commitLayoutEffectOnFiber (http://10.121.60.250:3000/@fs/C:/Users/LENOVO/Downloads/gautam-modular-kitchen-redesign-clone/node_modules/.vite/deps/react-dom_client.js?v=53a8b0fd:9958:27)"}
[2026-07-14T08:30:06.397Z] {"timestamp":1784017804363,"level":"DEBUG","args":["[Manus] Debug collector initialized (no rrweb, UI events only)"],"stack":null}
[2026-07-14T08:30:06.397Z] {"timestamp":1784017804598,"level":"DEBUG","args":["[vite] connected."],"stack":null}
[2026-07-14T08:30:08.377Z] {"timestamp":1784017806447,"level":"INFO","args":["%cDownload the React DevTools for a better development experience: https://react.dev/link/react-devtools","font-weight:bold"],"stack":null}
[2026-07-14T08:30:08.892Z] {"timestamp":1784017806061,"level":"DEBUG","args":["[Manus] Debug collector initialized (no rrweb, UI events only)"],"stack":null}
[2026-07-14T08:30:08.892Z] {"timestamp":1784017806063,"level":"DEBUG","args":["[vite] connected."],"stack":null}
[2026-07-14T08:30:08.892Z] {"timestamp":1784017806868,"level":"INFO","args":["%cDownload the React DevTools for a better development experience: https://react.dev/link/react-devtools","font-weight:bold"],"stack":null}
[2026-07-14T08:33:58.369Z] {"timestamp":1784018037487,"level":"DEBUG","args":["[vite]","hot updated: /src/components/GallerySection.tsx"],"stack":null}
[2026-07-14T08:33:58.369Z] {"timestamp":1784018037587,"level":"DEBUG","args":["[vite]","hot updated: /src/components/GallerySection.tsx"],"stack":null}
[2026-07-14T08:33:58.369Z] {"timestamp":1784018037595,"level":"DEBUG","args":["[vite]","hot updated: /src/components/GallerySection.tsx"],"stack":null}
[2026-07-14T08:33:58.369Z] {"timestamp":1784018037603,"level":"DEBUG","args":["[vite]","hot updated: /src/components/GallerySection.tsx"],"stack":null}
[2026-07-14T08:33:58.369Z] {"timestamp":1784018037613,"level":"DEBUG","args":["[vite]","hot updated: /src/components/GallerySection.tsx"],"stack":null}
[2026-07-14T08:33:58.370Z] {"timestamp":1784018037620,"level":"DEBUG","args":["[vite]","hot updated: /src/components/GallerySection.tsx"],"stack":null}
[2026-07-14T08:33:58.370Z] {"timestamp":1784018037630,"level":"DEBUG","args":["[vite]","hot updated: /src/components/GallerySection.tsx"],"stack":null}
[2026-07-14T08:33:58.370Z] {"timestamp":1784018037637,"level":"DEBUG","args":["[vite]","hot updated: /src/components/GallerySection.tsx"],"stack":null}
[2026-07-14T08:33:58.883Z] {"timestamp":1784018037494,"level":"DEBUG","args":["[vite]","hot updated: /src/components/GallerySection.tsx"],"stack":null}
[2026-07-14T08:33:58.883Z] {"timestamp":1784018037513,"level":"DEBUG","args":["[vite]","hot updated: /src/components/GallerySection.tsx"],"stack":null}
[2026-07-14T08:33:58.883Z] {"timestamp":1784018037520,"level":"DEBUG","args":["[vite]","hot updated: /src/components/GallerySection.tsx"],"stack":null}
[2026-07-14T08:33:58.883Z] {"timestamp":1784018037528,"level":"DEBUG","args":["[vite]","hot updated: /src/components/GallerySection.tsx"],"stack":null}
[2026-07-14T08:33:58.883Z] {"timestamp":1784018037535,"level":"DEBUG","args":["[vite]","hot updated: /src/components/GallerySection.tsx"],"stack":null}
[2026-07-14T08:33:58.883Z] {"timestamp":1784018037546,"level":"DEBUG","args":["[vite]","hot updated: /src/components/GallerySection.tsx"],"stack":null}
[2026-07-14T08:33:58.883Z] {"timestamp":1784018037552,"level":"DEBUG","args":["[vite]","hot updated: /src/components/GallerySection.tsx"],"stack":null}
[2026-07-14T08:33:58.883Z] {"timestamp":1784018037561,"level":"DEBUG","args":["[vite]","hot updated: /src/components/GallerySection.tsx"],"stack":null}
[2026-07-14T08:37:28.427Z] {"timestamp":1784018248342,"level":"DEBUG","args":["[vite]","hot updated: /src/index.css"],"stack":null}
[2026-07-14T08:37:28.427Z] {"timestamp":1784018248343,"level":"DEBUG","args":["[vite]","hot updated: /src/components/BlogSection.tsx"],"stack":null}
[2026-07-14T08:37:29.100Z] {"timestamp":1784018248618,"level":"DEBUG","args":["[vite]","hot updated: /src/index.css"],"stack":null}
[2026-07-14T08:37:29.100Z] {"timestamp":1784018248620,"level":"DEBUG","args":["[vite]","hot updated: /src/components/BlogSection.tsx"],"stack":null}
[2026-07-14T08:41:14.468Z] {"timestamp":1784018474202,"level":"DEBUG","args":["[vite]","hot updated: /src/index.css"],"stack":null}
[2026-07-14T08:41:14.468Z] {"timestamp":1784018474202,"level":"DEBUG","args":["[vite]","hot updated: /src/components/GallerySection.tsx"],"stack":null}
[2026-07-14T08:41:14.871Z] {"timestamp":1784018474288,"level":"DEBUG","args":["[vite]","hot updated: /src/index.css"],"stack":null}
[2026-07-14T08:41:14.871Z] {"timestamp":1784018474289,"level":"DEBUG","args":["[vite]","hot updated: /src/components/GallerySection.tsx"],"stack":null}
[2026-07-14T08:44:04.378Z] {"timestamp":1784018642960,"level":"DEBUG","args":["[vite]","hot updated: /src/index.css"],"stack":null}
[2026-07-14T08:44:04.378Z] {"timestamp":1784018642960,"level":"DEBUG","args":["[vite]","hot updated: /src/components/GallerySection.tsx"],"stack":null}
[2026-07-14T08:44:05.156Z] {"timestamp":1784018643298,"level":"DEBUG","args":["[vite]","hot updated: /src/index.css"],"stack":null}
[2026-07-14T08:44:05.156Z] {"timestamp":1784018643299,"level":"DEBUG","args":["[vite]","hot updated: /src/components/GallerySection.tsx"],"stack":null}
[2026-07-20T06:23:11.001Z] {"timestamp":1784528588971,"level":"DEBUG","args":["[Manus] Debug collector initialized (no rrweb, UI events only)"],"stack":null}
[2026-07-20T06:23:11.001Z] {"timestamp":1784528588978,"level":"DEBUG","args":["[vite] connected."],"stack":null}
[2026-07-20T06:23:12.977Z] {"timestamp":1784528591188,"level":"INFO","args":["%cDownload the React DevTools for a better development experience: https://react.dev/link/react-devtools","font-weight:bold"],"stack":null}
[2026-07-20T06:53:54.066Z] {"timestamp":1784530430245,"level":"DEBUG","args":["[Manus] Debug collector initialized (no rrweb, UI events only)"],"stack":null}
[2026-07-20T06:53:54.066Z] {"timestamp":1784530430254,"level":"DEBUG","args":["[vite] connected."],"stack":null}
[2026-07-20T06:53:56.252Z] {"timestamp":1784530435735,"level":"INFO","args":["%cDownload the React DevTools for a better development experience: https://react.dev/link/react-devtools","font-weight:bold"],"stack":null}
[2026-07-20T07:02:11.079Z] {"timestamp":1784530908101,"level":"DEBUG","args":["[vite]","invalidate /src/contexts/CalculatorContext.tsx: Could not Fast Refresh (\"PACKAGE_DESC\" export is incompatible). Learn more at https://github.com/vitejs/vite-plugin-react/tree/main/packages/plugin-react#consistent-components-exports"],"stack":null}
[2026-07-20T07:02:11.079Z] {"timestamp":1784530908101,"level":"DEBUG","args":["[vite]","hot updated: /src/contexts/CalculatorContext.tsx"],"stack":null}
[2026-07-20T07:02:11.080Z] {"timestamp":1784530908102,"level":"DEBUG","args":["[vite]","hot updated: /src/index.css"],"stack":null}
[2026-07-20T07:02:11.080Z] {"timestamp":1784530908351,"level":"DEBUG","args":["[vite]","invalidate /src/contexts/CalculatorContext.tsx: Could not Fast Refresh (\"PACKAGE_DESC\" export is incompatible). Learn more at https://github.com/vitejs/vite-plugin-react/tree/main/packages/plugin-react#consistent-components-exports"],"stack":null}
[2026-07-20T07:02:11.080Z] {"timestamp":1784530908351,"level":"DEBUG","args":["[vite]","hot updated: /src/contexts/CalculatorContext.tsx"],"stack":null}
[2026-07-20T07:02:11.080Z] {"timestamp":1784530908351,"level":"DEBUG","args":["[vite]","hot updated: /src/index.css"],"stack":null}
[2026-07-20T07:02:11.080Z] {"timestamp":1784530908691,"level":"DEBUG","args":["[vite]","hot updated: /src/App.tsx"],"stack":null}
[2026-07-20T07:02:11.080Z] {"timestamp":1784530908691,"level":"DEBUG","args":["[vite]","hot updated: /src/components/CostCalculator.tsx"],"stack":null}
[2026-07-20T07:02:11.080Z] {"timestamp":1784530908692,"level":"DEBUG","args":["[vite]","hot updated: /src/components/AppointmentBooking.tsx"],"stack":null}
[2026-07-20T07:04:11.065Z] {"timestamp":1784531041969,"level":"DEBUG","args":["[vite]","hot updated: /src/index.css"],"stack":null}
[2026-07-20T07:04:11.065Z] {"timestamp":1784531041969,"level":"DEBUG","args":["[vite]","hot updated: /src/components/CostCalculator.tsx"],"stack":null}
[2026-07-20T07:05:13.062Z] {"timestamp":1784531113022,"level":"DEBUG","args":["[vite]","hot updated: /src/index.css"],"stack":null}
[2026-07-20T07:05:13.062Z] {"timestamp":1784531113023,"level":"DEBUG","args":["[vite]","hot updated: /src/components/AppointmentBooking.tsx"],"stack":null}
[2026-07-20T07:05:15.073Z] {"timestamp":1784531113161,"level":"ERROR","args":["%o\n\n%s\n\n%s\n",{"type":"Error","message":"showFloorPlanPopup is not defined","stack":"ReferenceError: showFloorPlanPopup is not defined\n    at AppointmentBooking (http://10.121.60.250:3000/src/components/AppointmentBooking.tsx?t=1784531112306:885:5)\n    at Object.react_stack_bottom_frame (http://10.121.60.250:3000/@fs/C:/Users/LENOVO/Downloads/gautam-modular-kitchen-redesign-clone/node_modules/.vite/deps/react-dom_client.js?v=bf520a5c:18509:20)\n    at renderWithHooks (http://10.121.60.250:3000/@fs/C:/Users/LENOVO/Downloads/gautam-modular-kitchen-redesign-clone/node_modules/.vite/deps/react-dom_client.js?v=bf520a5c:5654:24)\n    at updateFunctionComponent (http://10.121.60.250:3000/@fs/C:/Users/LENOVO/Downloads/gautam-modular-kitchen-redesign-clone/node_modules/.vite/deps/react-dom_client.js?v=bf520a5c:7475:21)\n    at beginWork (http://10.121.60.250:3000/@fs/C:/Users/LENOVO/Downloads/gautam-modular-kitchen-redesign-clone/node_modules/.vite/deps/react-dom_client.js?v=bf520a5c:8525:20)\n    at runWithFiberInDEV (http://10.121.60.250:3000/@fs/C:/Users/LENOVO/Downloads/gautam-modular-kitchen-redesign-clone/node_modules/.vite/deps/react-dom_client.js?v=bf520a5c:997:72)\n    at performUnitOfWork (http://10.121.60.250:3000/@fs/C:/Users/LENOVO/Downloads/gautam-modular-kitchen-redesign-clone/node_modules/.vite/deps/react-dom_client.js?v=bf520a5c:12561:98)\n    at workLoopSync (http://10.121.60.250:3000/@fs/C:/Users/LENOVO/Downloads/gautam-modular-kitchen-redesign-clone/node_modules/.vite/deps/react-dom_client.js?v=bf520a5c:12424:43)\n    at renderRootSync (http://10.121.60.250:3000/@fs/C:/Users/LENOVO/Downloads/gautam-modular-kitchen-redesign-clone/node_modules/.vite/deps/react-dom_client.js?v=bf520a5c:12408:13)\n    at performWorkOnRoot (http://10.121.60.250:3000/@fs/C:/Users/LENOVO/Downloads/gautam-modular-kitchen-redesign-clone/node_modules/.vite/deps/react-dom_client.js?v=bf520a5c:11827:37)"},"The above error occurred in the <AppointmentBooking> component.","React will try to recreate this component tree from scratch using the error boundary you provided, ErrorBoundary."],"stack":"Error\n    at console.error (http://10.121.60.250:3000/__manus__/debug-collector.js:391:37)\n    at defaultOnCaughtError (http://10.121.60.250:3000/@fs/C:/Users/LENOVO/Downloads/gautam-modular-kitchen-redesign-clone/node_modules/.vite/deps/react-dom_client.js?v=bf520a5c:7001:19)\n    at logCaughtError (http://10.121.60.250:3000/@fs/C:/Users/LENOVO/Downloads/gautam-modular-kitchen-redesign-clone/node_modules/.vite/deps/react-dom_client.js?v=bf520a5c:7033:11)\n    at runWithFiberInDEV (http://10.121.60.250:3000/@fs/C:/Users/LENOVO/Downloads/gautam-modular-kitchen-redesign-clone/node_modules/.vite/deps/react-dom_client.js?v=bf520a5c:997:72)\n    at update.callback (http://10.121.60.250:3000/@fs/C:/Users/LENOVO/Downloads/gautam-modular-kitchen-redesign-clone/node_modules/.vite/deps/react-dom_client.js?v=bf520a5c:7066:13)\n    at callCallback (http://10.121.60.250:3000/@fs/C:/Users/LENOVO/Downloads/gautam-modular-kitchen-redesign-clone/node_modules/.vite/deps/react-dom_client.js?v=bf520a5c:5491:18)\n    at commitCallbacks (http://10.121.60.250:3000/@fs/C:/Users/LENOVO/Downloads/gautam-modular-kitchen-redesign-clone/node_modules/.vite/deps/react-dom_client.js?v=bf520a5c:5503:13)\n    at runWithFiberInDEV (http://10.121.60.250:3000/@fs/C:/Users/LENOVO/Downloads/gautam-modular-kitchen-redesign-clone/node_modules/.vite/deps/react-dom_client.js?v=bf520a5c:997:72)\n    at commitClassCallbacks (http://10.121.60.250:3000/@fs/C:/Users/LENOVO/Downloads/gautam-modular-kitchen-redesign-clone/node_modules/.vite/deps/react-dom_client.js?v=bf520a5c:9490:13)\n    at commitLayoutEffectOnFiber (http://10.121.60.250:3000/@fs/C:/Users/LENOVO/Downloads/gautam-modular-kitchen-redesign-clone/node_modules/.vite/deps/react-dom_client.js?v=bf520a5c:9958:27)"}
[2026-07-20T07:07:11.073Z] {"timestamp":1784531188013,"level":"DEBUG","args":["[vite]","hot updated: /src/index.css"],"stack":null}
[2026-07-20T07:07:11.073Z] {"timestamp":1784531188014,"level":"DEBUG","args":["[vite]","hot updated: /src/components/AppointmentBooking.tsx"],"stack":null}
[2026-07-20T07:07:11.073Z] {"timestamp":1784531188569,"level":"ERROR","args":["%o\n\n%s\n\n%s\n",{"type":"Error","message":"showFloorPlanPopup is not defined","stack":"ReferenceError: showFloorPlanPopup is not defined\n    at AppointmentBooking (http://10.121.60.250:3000/src/components/AppointmentBooking.tsx?t=1784531187486:893:5)\n    at Object.react_stack_bottom_frame (http://10.121.60.250:3000/@fs/C:/Users/LENOVO/Downloads/gautam-modular-kitchen-redesign-clone/node_modules/.vite/deps/react-dom_client.js?v=bf520a5c:18509:20)\n    at renderWithHooks (http://10.121.60.250:3000/@fs/C:/Users/LENOVO/Downloads/gautam-modular-kitchen-redesign-clone/node_modules/.vite/deps/react-dom_client.js?v=bf520a5c:5654:24)\n    at updateFunctionComponent (http://10.121.60.250:3000/@fs/C:/Users/LENOVO/Downloads/gautam-modular-kitchen-redesign-clone/node_modules/.vite/deps/react-dom_client.js?v=bf520a5c:7475:21)\n    at beginWork (http://10.121.60.250:3000/@fs/C:/Users/LENOVO/Downloads/gautam-modular-kitchen-redesign-clone/node_modules/.vite/deps/react-dom_client.js?v=bf520a5c:8525:20)\n    at runWithFiberInDEV (http://10.121.60.250:3000/@fs/C:/Users/LENOVO/Downloads/gautam-modular-kitchen-redesign-clone/node_modules/.vite/deps/react-dom_client.js?v=bf520a5c:997:72)\n    at performUnitOfWork (http://10.121.60.250:3000/@fs/C:/Users/LENOVO/Downloads/gautam-modular-kitchen-redesign-clone/node_modules/.vite/deps/react-dom_client.js?v=bf520a5c:12561:98)\n    at workLoopSync (http://10.121.60.250:3000/@fs/C:/Users/LENOVO/Downloads/gautam-modular-kitchen-redesign-clone/node_modules/.vite/deps/react-dom_client.js?v=bf520a5c:12424:43)\n    at renderRootSync (http://10.121.60.250:3000/@fs/C:/Users/LENOVO/Downloads/gautam-modular-kitchen-redesign-clone/node_modules/.vite/deps/react-dom_client.js?v=bf520a5c:12408:13)\n    at performWorkOnRoot (http://10.121.60.250:3000/@fs/C:/Users/LENOVO/Downloads/gautam-modular-kitchen-redesign-clone/node_modules/.vite/deps/react-dom_client.js?v=bf520a5c:11827:37)"},"The above error occurred in the <AppointmentBooking> component.","React will try to recreate this component tree from scratch using the error boundary you provided, ErrorBoundary."],"stack":"Error\n    at console.error (http://10.121.60.250:3000/__manus__/debug-collector.js:391:37)\n    at defaultOnCaughtError (http://10.121.60.250:3000/@fs/C:/Users/LENOVO/Downloads/gautam-modular-kitchen-redesign-clone/node_modules/.vite/deps/react-dom_client.js?v=bf520a5c:7001:19)\n    at logCaughtError (http://10.121.60.250:3000/@fs/C:/Users/LENOVO/Downloads/gautam-modular-kitchen-redesign-clone/node_modules/.vite/deps/react-dom_client.js?v=bf520a5c:7033:11)\n    at runWithFiberInDEV (http://10.121.60.250:3000/@fs/C:/Users/LENOVO/Downloads/gautam-modular-kitchen-redesign-clone/node_modules/.vite/deps/react-dom_client.js?v=bf520a5c:997:72)\n    at update.callback (http://10.121.60.250:3000/@fs/C:/Users/LENOVO/Downloads/gautam-modular-kitchen-redesign-clone/node_modules/.vite/deps/react-dom_client.js?v=bf520a5c:7066:13)\n    at callCallback (http://10.121.60.250:3000/@fs/C:/Users/LENOVO/Downloads/gautam-modular-kitchen-redesign-clone/node_modules/.vite/deps/react-dom_client.js?v=bf520a5c:5491:18)\n    at commitCallbacks (http://10.121.60.250:3000/@fs/C:/Users/LENOVO/Downloads/gautam-modular-kitchen-redesign-clone/node_modules/.vite/deps/react-dom_client.js?v=bf520a5c:5503:13)\n    at runWithFiberInDEV (http://10.121.60.250:3000/@fs/C:/Users/LENOVO/Downloads/gautam-modular-kitchen-redesign-clone/node_modules/.vite/deps/react-dom_client.js?v=bf520a5c:997:72)\n    at commitClassCallbacks (http://10.121.60.250:3000/@fs/C:/Users/LENOVO/Downloads/gautam-modular-kitchen-redesign-clone/node_modules/.vite/deps/react-dom_client.js?v=bf520a5c:9490:13)\n    at commitLayoutEffectOnFiber (http://10.121.60.250:3000/@fs/C:/Users/LENOVO/Downloads/gautam-modular-kitchen-redesign-clone/node_modules/.vite/deps/react-dom_client.js?v=bf520a5c:9958:27)"}
[2026-07-20T07:08:33.652Z] {"timestamp":1784531311647,"level":"DEBUG","args":["[Manus] Debug collector initialized (no rrweb, UI events only)"],"stack":null}
[2026-07-20T07:08:33.652Z] {"timestamp":1784531311663,"level":"DEBUG","args":["[vite] connected."],"stack":null}
[2026-07-20T07:08:33.652Z] {"timestamp":1784531311819,"level":"INFO","args":["%cDownload the React DevTools for a better development experience: https://react.dev/link/react-devtools","font-weight:bold"],"stack":null}
[2026-07-20T07:08:33.652Z] {"timestamp":1784531311961,"level":"ERROR","args":["%o\n\n%s\n\n%s\n",{"type":"Error","message":"showFloorPlanPopup is not defined","stack":"ReferenceError: showFloorPlanPopup is not defined\n    at AppointmentBooking (http://10.121.60.250:3000/src/components/AppointmentBooking.tsx?t=1784531187486:893:5)\n    at Object.react_stack_bottom_frame (http://10.121.60.250:3000/@fs/C:/Users/LENOVO/Downloads/gautam-modular-kitchen-redesign-clone/node_modules/.vite/deps/react-dom_client.js?v=bf520a5c:18509:20)\n    at renderWithHooks (http://10.121.60.250:3000/@fs/C:/Users/LENOVO/Downloads/gautam-modular-kitchen-redesign-clone/node_modules/.vite/deps/react-dom_client.js?v=bf520a5c:5654:24)\n    at updateFunctionComponent (http://10.121.60.250:3000/@fs/C:/Users/LENOVO/Downloads/gautam-modular-kitchen-redesign-clone/node_modules/.vite/deps/react-dom_client.js?v=bf520a5c:7475:21)\n    at beginWork (http://10.121.60.250:3000/@fs/C:/Users/LENOVO/Downloads/gautam-modular-kitchen-redesign-clone/node_modules/.vite/deps/react-dom_client.js?v=bf520a5c:8525:20)\n    at runWithFiberInDEV (http://10.121.60.250:3000/@fs/C:/Users/LENOVO/Downloads/gautam-modular-kitchen-redesign-clone/node_modules/.vite/deps/react-dom_client.js?v=bf520a5c:997:72)\n    at performUnitOfWork (http://10.121.60.250:3000/@fs/C:/Users/LENOVO/Downloads/gautam-modular-kitchen-redesign-clone/node_modules/.vite/deps/react-dom_client.js?v=bf520a5c:12561:98)\n    at workLoopSync (http://10.121.60.250:3000/@fs/C:/Users/LENOVO/Downloads/gautam-modular-kitchen-redesign-clone/node_modules/.vite/deps/react-dom_client.js?v=bf520a5c:12424:43)\n    at renderRootSync (http://10.121.60.250:3000/@fs/C:/Users/LENOVO/Downloads/gautam-modular-kitchen-redesign-clone/node_modules/.vite/deps/react-dom_client.js?v=bf520a5c:12408:13)\n    at performWorkOnRoot (http://10.121.60.250:3000/@fs/C:/Users/LENOVO/Downloads/gautam-modular-kitchen-redesign-clone/node_modules/.vite/deps/react-dom_client.js?v=bf520a5c:11827:37)"},"The above error occurred in the <AppointmentBooking> component.","React will try to recreate this component tree from scratch using the error boundary you provided, ErrorBoundary."],"stack":"Error\n    at console.error (http://10.121.60.250:3000/__manus__/debug-collector.js:391:37)\n    at defaultOnCaughtError (http://10.121.60.250:3000/@fs/C:/Users/LENOVO/Downloads/gautam-modular-kitchen-redesign-clone/node_modules/.vite/deps/react-dom_client.js?v=bf520a5c:7001:19)\n    at logCaughtError (http://10.121.60.250:3000/@fs/C:/Users/LENOVO/Downloads/gautam-modular-kitchen-redesign-clone/node_modules/.vite/deps/react-dom_client.js?v=bf520a5c:7033:11)\n    at runWithFiberInDEV (http://10.121.60.250:3000/@fs/C:/Users/LENOVO/Downloads/gautam-modular-kitchen-redesign-clone/node_modules/.vite/deps/react-dom_client.js?v=bf520a5c:997:72)\n    at update.callback (http://10.121.60.250:3000/@fs/C:/Users/LENOVO/Downloads/gautam-modular-kitchen-redesign-clone/node_modules/.vite/deps/react-dom_client.js?v=bf520a5c:7066:13)\n    at callCallback (http://10.121.60.250:3000/@fs/C:/Users/LENOVO/Downloads/gautam-modular-kitchen-redesign-clone/node_modules/.vite/deps/react-dom_client.js?v=bf520a5c:5491:18)\n    at commitCallbacks (http://10.121.60.250:3000/@fs/C:/Users/LENOVO/Downloads/gautam-modular-kitchen-redesign-clone/node_modules/.vite/deps/react-dom_client.js?v=bf520a5c:5503:13)\n    at runWithFiberInDEV (http://10.121.60.250:3000/@fs/C:/Users/LENOVO/Downloads/gautam-modular-kitchen-redesign-clone/node_modules/.vite/deps/react-dom_client.js?v=bf520a5c:997:72)\n    at commitClassCallbacks (http://10.121.60.250:3000/@fs/C:/Users/LENOVO/Downloads/gautam-modular-kitchen-redesign-clone/node_modules/.vite/deps/react-dom_client.js?v=bf520a5c:9490:13)\n    at commitLayoutEffectOnFiber (http://10.121.60.250:3000/@fs/C:/Users/LENOVO/Downloads/gautam-modular-kitchen-redesign-clone/node_modules/.vite/deps/react-dom_client.js?v=bf520a5c:9958:27)"}
[2026-07-20T07:08:42.084Z] {"timestamp":1784531316102,"level":"LOG","args":["[vite] server connection lost. Polling for restart..."],"stack":null}
[2026-07-20T07:08:52.786Z] {"timestamp":1784531330779,"level":"DEBUG","args":["[Manus] Debug collector initialized (no rrweb, UI events only)"],"stack":null}
[2026-07-20T07:08:52.787Z] {"timestamp":1784531330799,"level":"DEBUG","args":["[vite] connected."],"stack":null}
[2026-07-20T07:08:52.787Z] {"timestamp":1784531332402,"level":"INFO","args":["%cDownload the React DevTools for a better development experience: https://react.dev/link/react-devtools","font-weight:bold"],"stack":null}
[2026-07-20T07:08:52.787Z] {"timestamp":1784531332625,"level":"ERROR","args":["%o\n\n%s\n\n%s\n",{"type":"Error","message":"showFloorPlanPopup is not defined","stack":"ReferenceError: showFloorPlanPopup is not defined\n    at AppointmentBooking (http://10.121.60.250:3000/src/components/AppointmentBooking.tsx:893:5)\n    at Object.react_stack_bottom_frame (http://10.121.60.250:3000/@fs/C:/Users/LENOVO/Downloads/gautam-modular-kitchen-redesign-clone/node_modules/.vite/deps/react-dom_client.js?v=bf520a5c:18509:20)\n    at renderWithHooks (http://10.121.60.250:3000/@fs/C:/Users/LENOVO/Downloads/gautam-modular-kitchen-redesign-clone/node_modules/.vite/deps/react-dom_client.js?v=bf520a5c:5654:24)\n    at updateFunctionComponent (http://10.121.60.250:3000/@fs/C:/Users/LENOVO/Downloads/gautam-modular-kitchen-redesign-clone/node_modules/.vite/deps/react-dom_client.js?v=bf520a5c:7475:21)\n    at beginWork (http://10.121.60.250:3000/@fs/C:/Users/LENOVO/Downloads/gautam-modular-kitchen-redesign-clone/node_modules/.vite/deps/react-dom_client.js?v=bf520a5c:8525:20)\n    at runWithFiberInDEV (http://10.121.60.250:3000/@fs/C:/Users/LENOVO/Downloads/gautam-modular-kitchen-redesign-clone/node_modules/.vite/deps/react-dom_client.js?v=bf520a5c:997:72)\n    at performUnitOfWork (http://10.121.60.250:3000/@fs/C:/Users/LENOVO/Downloads/gautam-modular-kitchen-redesign-clone/node_modules/.vite/deps/react-dom_client.js?v=bf520a5c:12561:98)\n    at workLoopSync (http://10.121.60.250:3000/@fs/C:/Users/LENOVO/Downloads/gautam-modular-kitchen-redesign-clone/node_modules/.vite/deps/react-dom_client.js?v=bf520a5c:12424:43)\n    at renderRootSync (http://10.121.60.250:3000/@fs/C:/Users/LENOVO/Downloads/gautam-modular-kitchen-redesign-clone/node_modules/.vite/deps/react-dom_client.js?v=bf520a5c:12408:13)\n    at performWorkOnRoot (http://10.121.60.250:3000/@fs/C:/Users/LENOVO/Downloads/gautam-modular-kitchen-redesign-clone/node_modules/.vite/deps/react-dom_client.js?v=bf520a5c:11827:37)"},"The above error occurred in the <AppointmentBooking> component.","React will try to recreate this component tree from scratch using the error boundary you provided, ErrorBoundary."],"stack":"Error\n    at console.<computed> [as error] (http://10.121.60.250:3000/__manus__/debug-collector.js:391:37)\n    at defaultOnCaughtError (http://10.121.60.250:3000/@fs/C:/Users/LENOVO/Downloads/gautam-modular-kitchen-redesign-clone/node_modules/.vite/deps/react-dom_client.js?v=bf520a5c:7001:19)\n    at logCaughtError (http://10.121.60.250:3000/@fs/C:/Users/LENOVO/Downloads/gautam-modular-kitchen-redesign-clone/node_modules/.vite/deps/react-dom_client.js?v=bf520a5c:7033:11)\n    at runWithFiberInDEV (http://10.121.60.250:3000/@fs/C:/Users/LENOVO/Downloads/gautam-modular-kitchen-redesign-clone/node_modules/.vite/deps/react-dom_client.js?v=bf520a5c:997:72)\n    at update.callback (http://10.121.60.250:3000/@fs/C:/Users/LENOVO/Downloads/gautam-modular-kitchen-redesign-clone/node_modules/.vite/deps/react-dom_client.js?v=bf520a5c:7066:13)\n    at callCallback (http://10.121.60.250:3000/@fs/C:/Users/LENOVO/Downloads/gautam-modular-kitchen-redesign-clone/node_modules/.vite/deps/react-dom_client.js?v=bf520a5c:5491:18)\n    at commitCallbacks (http://10.121.60.250:3000/@fs/C:/Users/LENOVO/Downloads/gautam-modular-kitchen-redesign-clone/node_modules/.vite/deps/react-dom_client.js?v=bf520a5c:5503:13)\n    at runWithFiberInDEV (http://10.121.60.250:3000/@fs/C:/Users/LENOVO/Downloads/gautam-modular-kitchen-redesign-clone/node_modules/.vite/deps/react-dom_client.js?v=bf520a5c:997:72)\n    at commitClassCallbacks (http://10.121.60.250:3000/@fs/C:/Users/LENOVO/Downloads/gautam-modular-kitchen-redesign-clone/node_modules/.vite/deps/react-dom_client.js?v=bf520a5c:9490:13)\n    at commitLayoutEffectOnFiber (http://10.121.60.250:3000/@fs/C:/Users/LENOVO/Downloads/gautam-modular-kitchen-redesign-clone/node_modules/.vite/deps/react-dom_client.js?v=bf520a5c:9958:27)"}
[2026-07-20T07:09:02.396Z] {"timestamp":1784531340387,"level":"DEBUG","args":["[Manus] Debug collector initialized (no rrweb, UI events only)"],"stack":null}
[2026-07-20T07:09:02.396Z] {"timestamp":1784531340396,"level":"DEBUG","args":["[vite] connected."],"stack":null}
[2026-07-20T07:09:02.396Z] {"timestamp":1784531340584,"level":"INFO","args":["%cDownload the React DevTools for a better development experience: https://react.dev/link/react-devtools","font-weight:bold"],"stack":null}
[2026-07-20T07:09:02.396Z] {"timestamp":1784531340696,"level":"ERROR","args":["%o\n\n%s\n\n%s\n",{"type":"Error","message":"showFloorPlanPopup is not defined","stack":"ReferenceError: showFloorPlanPopup is not defined\n    at AppointmentBooking (http://10.121.60.250:3000/src/components/AppointmentBooking.tsx:893:5)\n    at Object.react_stack_bottom_frame (http://10.121.60.250:3000/@fs/C:/Users/LENOVO/Downloads/gautam-modular-kitchen-redesign-clone/node_modules/.vite/deps/react-dom_client.js?v=bf520a5c:18509:20)\n    at renderWithHooks (http://10.121.60.250:3000/@fs/C:/Users/LENOVO/Downloads/gautam-modular-kitchen-redesign-clone/node_modules/.vite/deps/react-dom_client.js?v=bf520a5c:5654:24)\n    at updateFunctionComponent (http://10.121.60.250:3000/@fs/C:/Users/LENOVO/Downloads/gautam-modular-kitchen-redesign-clone/node_modules/.vite/deps/react-dom_client.js?v=bf520a5c:7475:21)\n    at beginWork (http://10.121.60.250:3000/@fs/C:/Users/LENOVO/Downloads/gautam-modular-kitchen-redesign-clone/node_modules/.vite/deps/react-dom_client.js?v=bf520a5c:8525:20)\n    at runWithFiberInDEV (http://10.121.60.250:3000/@fs/C:/Users/LENOVO/Downloads/gautam-modular-kitchen-redesign-clone/node_modules/.vite/deps/react-dom_client.js?v=bf520a5c:997:72)\n    at performUnitOfWork (http://10.121.60.250:3000/@fs/C:/Users/LENOVO/Downloads/gautam-modular-kitchen-redesign-clone/node_modules/.vite/deps/react-dom_client.js?v=bf520a5c:12561:98)\n    at workLoopSync (http://10.121.60.250:3000/@fs/C:/Users/LENOVO/Downloads/gautam-modular-kitchen-redesign-clone/node_modules/.vite/deps/react-dom_client.js?v=bf520a5c:12424:43)\n    at renderRootSync (http://10.121.60.250:3000/@fs/C:/Users/LENOVO/Downloads/gautam-modular-kitchen-redesign-clone/node_modules/.vite/deps/react-dom_client.js?v=bf520a5c:12408:13)\n    at performWorkOnRoot (http://10.121.60.250:3000/@fs/C:/Users/LENOVO/Downloads/gautam-modular-kitchen-redesign-clone/node_modules/.vite/deps/react-dom_client.js?v=bf520a5c:11827:37)"},"The above error occurred in the <AppointmentBooking> component.","React will try to recreate this component tree from scratch using the error boundary you provided, ErrorBoundary."],"stack":"Error\n    at console.<computed> [as error] (http://10.121.60.250:3000/__manus__/debug-collector.js:391:37)\n    at defaultOnCaughtError (http://10.121.60.250:3000/@fs/C:/Users/LENOVO/Downloads/gautam-modular-kitchen-redesign-clone/node_modules/.vite/deps/react-dom_client.js?v=bf520a5c:7001:19)\n    at logCaughtError (http://10.121.60.250:3000/@fs/C:/Users/LENOVO/Downloads/gautam-modular-kitchen-redesign-clone/node_modules/.vite/deps/react-dom_client.js?v=bf520a5c:7033:11)\n    at runWithFiberInDEV (http://10.121.60.250:3000/@fs/C:/Users/LENOVO/Downloads/gautam-modular-kitchen-redesign-clone/node_modules/.vite/deps/react-dom_client.js?v=bf520a5c:997:72)\n    at update.callback (http://10.121.60.250:3000/@fs/C:/Users/LENOVO/Downloads/gautam-modular-kitchen-redesign-clone/node_modules/.vite/deps/react-dom_client.js?v=bf520a5c:7066:13)\n    at callCallback (http://10.121.60.250:3000/@fs/C:/Users/LENOVO/Downloads/gautam-modular-kitchen-redesign-clone/node_modules/.vite/deps/react-dom_client.js?v=bf520a5c:5491:18)\n    at commitCallbacks (http://10.121.60.250:3000/@fs/C:/Users/LENOVO/Downloads/gautam-modular-kitchen-redesign-clone/node_modules/.vite/deps/react-dom_client.js?v=bf520a5c:5503:13)\n    at runWithFiberInDEV (http://10.121.60.250:3000/@fs/C:/Users/LENOVO/Downloads/gautam-modular-kitchen-redesign-clone/node_modules/.vite/deps/react-dom_client.js?v=bf520a5c:997:72)\n    at commitClassCallbacks (http://10.121.60.250:3000/@fs/C:/Users/LENOVO/Downloads/gautam-modular-kitchen-redesign-clone/node_modules/.vite/deps/react-dom_client.js?v=bf520a5c:9490:13)\n    at commitLayoutEffectOnFiber (http://10.121.60.250:3000/@fs/C:/Users/LENOVO/Downloads/gautam-modular-kitchen-redesign-clone/node_modules/.vite/deps/react-dom_client.js?v=bf520a5c:9958:27)"}
[2026-07-20T07:11:11.089Z] {"timestamp":1784531459385,"level":"LOG","args":["[vite] server connection lost. Polling for restart..."],"stack":null}
[2026-07-20T07:11:20.677Z] {"timestamp":1784531478675,"level":"DEBUG","args":["[Manus] Debug collector initialized (no rrweb, UI events only)"],"stack":null}
[2026-07-20T07:11:20.677Z] {"timestamp":1784531478704,"level":"DEBUG","args":["[vite] connected."],"stack":null}
[2026-07-20T07:11:20.677Z] {"timestamp":1784531480476,"level":"INFO","args":["%cDownload the React DevTools for a better development experience: https://react.dev/link/react-devtools","font-weight:bold"],"stack":null}
[2026-07-20T07:11:20.677Z] {"timestamp":1784531480617,"level":"ERROR","args":["%o\n\n%s\n\n%s\n",{"type":"Error","message":"showFloorPlanPopup is not defined","stack":"ReferenceError: showFloorPlanPopup is not defined\n    at AppointmentBooking (http://10.121.60.250:3000/src/components/AppointmentBooking.tsx:893:5)\n    at Object.react_stack_bottom_frame (http://10.121.60.250:3000/@fs/C:/Users/LENOVO/Downloads/gautam-modular-kitchen-redesign-clone/node_modules/.vite/deps/react-dom_client.js?v=bf520a5c:18509:20)\n    at renderWithHooks (http://10.121.60.250:3000/@fs/C:/Users/LENOVO/Downloads/gautam-modular-kitchen-redesign-clone/node_modules/.vite/deps/react-dom_client.js?v=bf520a5c:5654:24)\n    at updateFunctionComponent (http://10.121.60.250:3000/@fs/C:/Users/LENOVO/Downloads/gautam-modular-kitchen-redesign-clone/node_modules/.vite/deps/react-dom_client.js?v=bf520a5c:7475:21)\n    at beginWork (http://10.121.60.250:3000/@fs/C:/Users/LENOVO/Downloads/gautam-modular-kitchen-redesign-clone/node_modules/.vite/deps/react-dom_client.js?v=bf520a5c:8525:20)\n    at runWithFiberInDEV (http://10.121.60.250:3000/@fs/C:/Users/LENOVO/Downloads/gautam-modular-kitchen-redesign-clone/node_modules/.vite/deps/react-dom_client.js?v=bf520a5c:997:72)\n    at performUnitOfWork (http://10.121.60.250:3000/@fs/C:/Users/LENOVO/Downloads/gautam-modular-kitchen-redesign-clone/node_modules/.vite/deps/react-dom_client.js?v=bf520a5c:12561:98)\n    at workLoopSync (http://10.121.60.250:3000/@fs/C:/Users/LENOVO/Downloads/gautam-modular-kitchen-redesign-clone/node_modules/.vite/deps/react-dom_client.js?v=bf520a5c:12424:43)\n    at renderRootSync (http://10.121.60.250:3000/@fs/C:/Users/LENOVO/Downloads/gautam-modular-kitchen-redesign-clone/node_modules/.vite/deps/react-dom_client.js?v=bf520a5c:12408:13)\n    at performWorkOnRoot (http://10.121.60.250:3000/@fs/C:/Users/LENOVO/Downloads/gautam-modular-kitchen-redesign-clone/node_modules/.vite/deps/react-dom_client.js?v=bf520a5c:11827:37)"},"The above error occurred in the <AppointmentBooking> component.","React will try to recreate this component tree from scratch using the error boundary you provided, ErrorBoundary."],"stack":"Error\n    at console.<computed> [as error] (http://10.121.60.250:3000/__manus__/debug-collector.js:391:37)\n    at defaultOnCaughtError (http://10.121.60.250:3000/@fs/C:/Users/LENOVO/Downloads/gautam-modular-kitchen-redesign-clone/node_modules/.vite/deps/react-dom_client.js?v=bf520a5c:7001:19)\n    at logCaughtError (http://10.121.60.250:3000/@fs/C:/Users/LENOVO/Downloads/gautam-modular-kitchen-redesign-clone/node_modules/.vite/deps/react-dom_client.js?v=bf520a5c:7033:11)\n    at runWithFiberInDEV (http://10.121.60.250:3000/@fs/C:/Users/LENOVO/Downloads/gautam-modular-kitchen-redesign-clone/node_modules/.vite/deps/react-dom_client.js?v=bf520a5c:997:72)\n    at update.callback (http://10.121.60.250:3000/@fs/C:/Users/LENOVO/Downloads/gautam-modular-kitchen-redesign-clone/node_modules/.vite/deps/react-dom_client.js?v=bf520a5c:7066:13)\n    at callCallback (http://10.121.60.250:3000/@fs/C:/Users/LENOVO/Downloads/gautam-modular-kitchen-redesign-clone/node_modules/.vite/deps/react-dom_client.js?v=bf520a5c:5491:18)\n    at commitCallbacks (http://10.121.60.250:3000/@fs/C:/Users/LENOVO/Downloads/gautam-modular-kitchen-redesign-clone/node_modules/.vite/deps/react-dom_client.js?v=bf520a5c:5503:13)\n    at runWithFiberInDEV (http://10.121.60.250:3000/@fs/C:/Users/LENOVO/Downloads/gautam-modular-kitchen-redesign-clone/node_modules/.vite/deps/react-dom_client.js?v=bf520a5c:997:72)\n    at commitClassCallbacks (http://10.121.60.250:3000/@fs/C:/Users/LENOVO/Downloads/gautam-modular-kitchen-redesign-clone/node_modules/.vite/deps/react-dom_client.js?v=bf520a5c:9490:13)\n    at commitLayoutEffectOnFiber (http://10.121.60.250:3000/@fs/C:/Users/LENOVO/Downloads/gautam-modular-kitchen-redesign-clone/node_modules/.vite/deps/react-dom_client.js?v=bf520a5c:9958:27)"}
[2026-07-20T07:12:25.895Z] {"timestamp":1784531515889,"level":"LOG","args":["[vite] server connection lost. Polling for restart..."],"stack":null}
[2026-07-20T07:14:02.439Z] {"timestamp":1784531640267,"level":"DEBUG","args":["[Manus] Debug collector initialized (no rrweb, UI events only)"],"stack":null}
[2026-07-20T07:14:02.439Z] {"timestamp":1784531640275,"level":"DEBUG","args":["[vite] connected."],"stack":null}
[2026-07-20T07:14:02.439Z] {"timestamp":1784531642243,"level":"INFO","args":["%cDownload the React DevTools for a better development experience: https://react.dev/link/react-devtools","font-weight:bold"],"stack":null}
[2026-07-20T07:14:02.439Z] {"timestamp":1784531642387,"level":"ERROR","args":["%o\n\n%s\n\n%s\n",{"type":"Error","message":"showFloorPlanPopup is not defined","stack":"ReferenceError: showFloorPlanPopup is not defined\n    at AppointmentBooking (http://10.121.60.250:3001/src/components/AppointmentBooking.tsx:893:5)\n    at Object.react_stack_bottom_frame (http://10.121.60.250:3001/@fs/C:/Users/LENOVO/Downloads/gautam-modular-kitchen-redesign-clone/node_modules/.vite/deps/react-dom_client.js?v=53a8b0fd:18509:20)\n    at renderWithHooks (http://10.121.60.250:3001/@fs/C:/Users/LENOVO/Downloads/gautam-modular-kitchen-redesign-clone/node_modules/.vite/deps/react-dom_client.js?v=53a8b0fd:5654:24)\n    at updateFunctionComponent (http://10.121.60.250:3001/@fs/C:/Users/LENOVO/Downloads/gautam-modular-kitchen-redesign-clone/node_modules/.vite/deps/react-dom_client.js?v=53a8b0fd:7475:21)\n    at beginWork (http://10.121.60.250:3001/@fs/C:/Users/LENOVO/Downloads/gautam-modular-kitchen-redesign-clone/node_modules/.vite/deps/react-dom_client.js?v=53a8b0fd:8525:20)\n    at runWithFiberInDEV (http://10.121.60.250:3001/@fs/C:/Users/LENOVO/Downloads/gautam-modular-kitchen-redesign-clone/node_modules/.vite/deps/react-dom_client.js?v=53a8b0fd:997:72)\n    at performUnitOfWork (http://10.121.60.250:3001/@fs/C:/Users/LENOVO/Downloads/gautam-modular-kitchen-redesign-clone/node_modules/.vite/deps/react-dom_client.js?v=53a8b0fd:12561:98)\n    at workLoopSync (http://10.121.60.250:3001/@fs/C:/Users/LENOVO/Downloads/gautam-modular-kitchen-redesign-clone/node_modules/.vite/deps/react-dom_client.js?v=53a8b0fd:12424:43)\n    at renderRootSync (http://10.121.60.250:3001/@fs/C:/Users/LENOVO/Downloads/gautam-modular-kitchen-redesign-clone/node_modules/.vite/deps/react-dom_client.js?v=53a8b0fd:12408:13)\n    at performWorkOnRoot (http://10.121.60.250:3001/@fs/C:/Users/LENOVO/Downloads/gautam-modular-kitchen-redesign-clone/node_modules/.vite/deps/react-dom_client.js?v=53a8b0fd:11827:37)"},"The above error occurred in the <AppointmentBooking> component.","React will try to recreate this component tree from scratch using the error boundary you provided, ErrorBoundary."],"stack":"Error\n    at console.<computed> [as error] (http://10.121.60.250:3001/__manus__/debug-collector.js:391:37)\n    at defaultOnCaughtError (http://10.121.60.250:3001/@fs/C:/Users/LENOVO/Downloads/gautam-modular-kitchen-redesign-clone/node_modules/.vite/deps/react-dom_client.js?v=53a8b0fd:7001:19)\n    at logCaughtError (http://10.121.60.250:3001/@fs/C:/Users/LENOVO/Downloads/gautam-modular-kitchen-redesign-clone/node_modules/.vite/deps/react-dom_client.js?v=53a8b0fd:7033:11)\n    at runWithFiberInDEV (http://10.121.60.250:3001/@fs/C:/Users/LENOVO/Downloads/gautam-modular-kitchen-redesign-clone/node_modules/.vite/deps/react-dom_client.js?v=53a8b0fd:997:72)\n    at update.callback (http://10.121.60.250:3001/@fs/C:/Users/LENOVO/Downloads/gautam-modular-kitchen-redesign-clone/node_modules/.vite/deps/react-dom_client.js?v=53a8b0fd:7066:13)\n    at callCallback (http://10.121.60.250:3001/@fs/C:/Users/LENOVO/Downloads/gautam-modular-kitchen-redesign-clone/node_modules/.vite/deps/react-dom_client.js?v=53a8b0fd:5491:18)\n    at commitCallbacks (http://10.121.60.250:3001/@fs/C:/Users/LENOVO/Downloads/gautam-modular-kitchen-redesign-clone/node_modules/.vite/deps/react-dom_client.js?v=53a8b0fd:5503:13)\n    at runWithFiberInDEV (http://10.121.60.250:3001/@fs/C:/Users/LENOVO/Downloads/gautam-modular-kitchen-redesign-clone/node_modules/.vite/deps/react-dom_client.js?v=53a8b0fd:997:72)\n    at commitClassCallbacks (http://10.121.60.250:3001/@fs/C:/Users/LENOVO/Downloads/gautam-modular-kitchen-redesign-clone/node_modules/.vite/deps/react-dom_client.js?v=53a8b0fd:9490:13)\n    at commitLayoutEffectOnFiber (http://10.121.60.250:3001/@fs/C:/Users/LENOVO/Downloads/gautam-modular-kitchen-redesign-clone/node_modules/.vite/deps/react-dom_client.js?v=53a8b0fd:9958:27)"}
[2026-07-20T07:17:11.091Z] {"timestamp":1784531744891,"level":"LOG","args":["[vite] server connection lost. Polling for restart..."],"stack":null}
[2026-07-20T07:17:21.651Z] {"timestamp":1784531839539,"level":"DEBUG","args":["[Manus] Debug collector initialized (no rrweb, UI events only)"],"stack":null}
[2026-07-20T07:17:21.651Z] {"timestamp":1784531839559,"level":"DEBUG","args":["[vite] connected."],"stack":null}
[2026-07-20T07:17:23.550Z] {"timestamp":1784531841658,"level":"INFO","args":["%cDownload the React DevTools for a better development experience: https://react.dev/link/react-devtools","font-weight:bold"],"stack":null}
[2026-07-20T07:17:23.550Z] {"timestamp":1784531841886,"level":"ERROR","args":["%o\n\n%s\n\n%s\n",{"type":"Error","message":"showFloorPlanPopup is not defined","stack":"ReferenceError: showFloorPlanPopup is not defined\n    at AppointmentBooking (http://10.121.60.250:3001/src/components/AppointmentBooking.tsx:893:5)\n    at Object.react_stack_bottom_frame (http://10.121.60.250:3001/@fs/C:/Users/LENOVO/Downloads/gautam-modular-kitchen-redesign-clone/node_modules/.vite/deps/react-dom_client.js?v=53a8b0fd:18509:20)\n    at renderWithHooks (http://10.121.60.250:3001/@fs/C:/Users/LENOVO/Downloads/gautam-modular-kitchen-redesign-clone/node_modules/.vite/deps/react-dom_client.js?v=53a8b0fd:5654:24)\n    at updateFunctionComponent (http://10.121.60.250:3001/@fs/C:/Users/LENOVO/Downloads/gautam-modular-kitchen-redesign-clone/node_modules/.vite/deps/react-dom_client.js?v=53a8b0fd:7475:21)\n    at beginWork (http://10.121.60.250:3001/@fs/C:/Users/LENOVO/Downloads/gautam-modular-kitchen-redesign-clone/node_modules/.vite/deps/react-dom_client.js?v=53a8b0fd:8525:20)\n    at runWithFiberInDEV (http://10.121.60.250:3001/@fs/C:/Users/LENOVO/Downloads/gautam-modular-kitchen-redesign-clone/node_modules/.vite/deps/react-dom_client.js?v=53a8b0fd:997:72)\n    at performUnitOfWork (http://10.121.60.250:3001/@fs/C:/Users/LENOVO/Downloads/gautam-modular-kitchen-redesign-clone/node_modules/.vite/deps/react-dom_client.js?v=53a8b0fd:12561:98)\n    at workLoopSync (http://10.121.60.250:3001/@fs/C:/Users/LENOVO/Downloads/gautam-modular-kitchen-redesign-clone/node_modules/.vite/deps/react-dom_client.js?v=53a8b0fd:12424:43)\n    at renderRootSync (http://10.121.60.250:3001/@fs/C:/Users/LENOVO/Downloads/gautam-modular-kitchen-redesign-clone/node_modules/.vite/deps/react-dom_client.js?v=53a8b0fd:12408:13)\n    at performWorkOnRoot (http://10.121.60.250:3001/@fs/C:/Users/LENOVO/Downloads/gautam-modular-kitchen-redesign-clone/node_modules/.vite/deps/react-dom_client.js?v=53a8b0fd:11827:37)"},"The above error occurred in the <AppointmentBooking> component.","React will try to recreate this component tree from scratch using the error boundary you provided, ErrorBoundary."],"stack":"Error\n    at console.error (http://10.121.60.250:3001/__manus__/debug-collector.js:391:37)\n    at defaultOnCaughtError (http://10.121.60.250:3001/@fs/C:/Users/LENOVO/Downloads/gautam-modular-kitchen-redesign-clone/node_modules/.vite/deps/react-dom_client.js?v=53a8b0fd:7001:19)\n    at logCaughtError (http://10.121.60.250:3001/@fs/C:/Users/LENOVO/Downloads/gautam-modular-kitchen-redesign-clone/node_modules/.vite/deps/react-dom_client.js?v=53a8b0fd:7033:11)\n    at runWithFiberInDEV (http://10.121.60.250:3001/@fs/C:/Users/LENOVO/Downloads/gautam-modular-kitchen-redesign-clone/node_modules/.vite/deps/react-dom_client.js?v=53a8b0fd:997:72)\n    at update.callback (http://10.121.60.250:3001/@fs/C:/Users/LENOVO/Downloads/gautam-modular-kitchen-redesign-clone/node_modules/.vite/deps/react-dom_client.js?v=53a8b0fd:7066:13)\n    at callCallback (http://10.121.60.250:3001/@fs/C:/Users/LENOVO/Downloads/gautam-modular-kitchen-redesign-clone/node_modules/.vite/deps/react-dom_client.js?v=53a8b0fd:5491:18)\n    at commitCallbacks (http://10.121.60.250:3001/@fs/C:/Users/LENOVO/Downloads/gautam-modular-kitchen-redesign-clone/node_modules/.vite/deps/react-dom_client.js?v=53a8b0fd:5503:13)\n    at runWithFiberInDEV (http://10.121.60.250:3001/@fs/C:/Users/LENOVO/Downloads/gautam-modular-kitchen-redesign-clone/node_modules/.vite/deps/react-dom_client.js?v=53a8b0fd:997:72)\n    at commitClassCallbacks (http://10.121.60.250:3001/@fs/C:/Users/LENOVO/Downloads/gautam-modular-kitchen-redesign-clone/node_modules/.vite/deps/react-dom_client.js?v=53a8b0fd:9490:13)\n    at commitLayoutEffectOnFiber (http://10.121.60.250:3001/@fs/C:/Users/LENOVO/Downloads/gautam-modular-kitchen-redesign-clone/node_modules/.vite/deps/react-dom_client.js?v=53a8b0fd:9958:27)"}
[2026-07-20T07:21:11.145Z] {"timestamp":1784532019153,"level":"DEBUG","args":["[vite]","hot updated: /src/index.css"],"stack":null}
[2026-07-20T07:21:11.145Z] {"timestamp":1784532019153,"level":"DEBUG","args":["[vite]","hot updated: /src/components/GallerySection.tsx"],"stack":null}
[2026-07-20T07:21:11.145Z] {"timestamp":1784532019167,"level":"DEBUG","args":["[vite]","hot updated: /src/index.css"],"stack":null}
[2026-07-20T07:21:11.145Z] {"timestamp":1784532019167,"level":"DEBUG","args":["[vite]","hot updated: /src/components/GallerySection.tsx"],"stack":null}
[2026-07-20T07:22:48.230Z] {"timestamp":1784532164407,"level":"DEBUG","args":["[Manus] Debug collector initialized (no rrweb, UI events only)"],"stack":null}
[2026-07-20T07:22:48.230Z] {"timestamp":1784532164422,"level":"DEBUG","args":["[vite] connected."],"stack":null}
[2026-07-20T07:22:54.416Z] {"timestamp":1784532172460,"level":"INFO","args":["%cDownload the React DevTools for a better development experience: https://react.dev/link/react-devtools","font-weight:bold"],"stack":null}
[2026-07-20T07:22:54.416Z] {"timestamp":1784532172791,"level":"ERROR","args":["%o\n\n%s\n\n%s\n",{"type":"Error","message":"showFloorPlanPopup is not defined","stack":"ReferenceError: showFloorPlanPopup is not defined\n    at AppointmentBooking (http://10.121.60.250:3001/src/components/AppointmentBooking.tsx:893:5)\n    at Object.react_stack_bottom_frame (http://10.121.60.250:3001/@fs/C:/Users/LENOVO/Downloads/gautam-modular-kitchen-redesign-clone/node_modules/.vite/deps/react-dom_client.js?v=53a8b0fd:18509:20)\n    at renderWithHooks (http://10.121.60.250:3001/@fs/C:/Users/LENOVO/Downloads/gautam-modular-kitchen-redesign-clone/node_modules/.vite/deps/react-dom_client.js?v=53a8b0fd:5654:24)\n    at updateFunctionComponent (http://10.121.60.250:3001/@fs/C:/Users/LENOVO/Downloads/gautam-modular-kitchen-redesign-clone/node_modules/.vite/deps/react-dom_client.js?v=53a8b0fd:7475:21)\n    at beginWork (http://10.121.60.250:3001/@fs/C:/Users/LENOVO/Downloads/gautam-modular-kitchen-redesign-clone/node_modules/.vite/deps/react-dom_client.js?v=53a8b0fd:8525:20)\n    at runWithFiberInDEV (http://10.121.60.250:3001/@fs/C:/Users/LENOVO/Downloads/gautam-modular-kitchen-redesign-clone/node_modules/.vite/deps/react-dom_client.js?v=53a8b0fd:997:72)\n    at performUnitOfWork (http://10.121.60.250:3001/@fs/C:/Users/LENOVO/Downloads/gautam-modular-kitchen-redesign-clone/node_modules/.vite/deps/react-dom_client.js?v=53a8b0fd:12561:98)\n    at workLoopSync (http://10.121.60.250:3001/@fs/C:/Users/LENOVO/Downloads/gautam-modular-kitchen-redesign-clone/node_modules/.vite/deps/react-dom_client.js?v=53a8b0fd:12424:43)\n    at renderRootSync (http://10.121.60.250:3001/@fs/C:/Users/LENOVO/Downloads/gautam-modular-kitchen-redesign-clone/node_modules/.vite/deps/react-dom_client.js?v=53a8b0fd:12408:13)\n    at performWorkOnRoot (http://10.121.60.250:3001/@fs/C:/Users/LENOVO/Downloads/gautam-modular-kitchen-redesign-clone/node_modules/.vite/deps/react-dom_client.js?v=53a8b0fd:11827:37)"},"The above error occurred in the <AppointmentBooking> component.","React will try to recreate this component tree from scratch using the error boundary you provided, ErrorBoundary."],"stack":"Error\n    at console.error (http://10.121.60.250:3001/__manus__/debug-collector.js:391:37)\n    at defaultOnCaughtError (http://10.121.60.250:3001/@fs/C:/Users/LENOVO/Downloads/gautam-modular-kitchen-redesign-clone/node_modules/.vite/deps/react-dom_client.js?v=53a8b0fd:7001:19)\n    at logCaughtError (http://10.121.60.250:3001/@fs/C:/Users/LENOVO/Downloads/gautam-modular-kitchen-redesign-clone/node_modules/.vite/deps/react-dom_client.js?v=53a8b0fd:7033:11)\n    at runWithFiberInDEV (http://10.121.60.250:3001/@fs/C:/Users/LENOVO/Downloads/gautam-modular-kitchen-redesign-clone/node_modules/.vite/deps/react-dom_client.js?v=53a8b0fd:997:72)\n    at update.callback (http://10.121.60.250:3001/@fs/C:/Users/LENOVO/Downloads/gautam-modular-kitchen-redesign-clone/node_modules/.vite/deps/react-dom_client.js?v=53a8b0fd:7066:13)\n    at callCallback (http://10.121.60.250:3001/@fs/C:/Users/LENOVO/Downloads/gautam-modular-kitchen-redesign-clone/node_modules/.vite/deps/react-dom_client.js?v=53a8b0fd:5491:18)\n    at commitCallbacks (http://10.121.60.250:3001/@fs/C:/Users/LENOVO/Downloads/gautam-modular-kitchen-redesign-clone/node_modules/.vite/deps/react-dom_client.js?v=53a8b0fd:5503:13)\n    at runWithFiberInDEV (http://10.121.60.250:3001/@fs/C:/Users/LENOVO/Downloads/gautam-modular-kitchen-redesign-clone/node_modules/.vite/deps/react-dom_client.js?v=53a8b0fd:997:72)\n    at commitClassCallbacks (http://10.121.60.250:3001/@fs/C:/Users/LENOVO/Downloads/gautam-modular-kitchen-redesign-clone/node_modules/.vite/deps/react-dom_client.js?v=53a8b0fd:9490:13)\n    at commitLayoutEffectOnFiber (http://10.121.60.250:3001/@fs/C:/Users/LENOVO/Downloads/gautam-modular-kitchen-redesign-clone/node_modules/.vite/deps/react-dom_client.js?v=53a8b0fd:9958:27)"}
[2026-07-20T07:23:08.002Z] {"timestamp":1784532185996,"level":"DEBUG","args":["[Manus] Debug collector initialized (no rrweb, UI events only)"],"stack":null}
[2026-07-20T07:23:08.002Z] {"timestamp":1784532186040,"level":"DEBUG","args":["[vite] connected."],"stack":null}
[2026-07-20T07:23:08.002Z] {"timestamp":1784532186186,"level":"INFO","args":["%cDownload the React DevTools for a better development experience: https://react.dev/link/react-devtools","font-weight:bold"],"stack":null}
[2026-07-20T07:23:08.002Z] {"timestamp":1784532186596,"level":"ERROR","args":["%o\n\n%s\n\n%s\n",{"type":"Error","message":"showFloorPlanPopup is not defined","stack":"ReferenceError: showFloorPlanPopup is not defined\n    at AppointmentBooking (http://localhost:3001/src/components/AppointmentBooking.tsx:893:5)\n    at Object.react_stack_bottom_frame (http://localhost:3001/@fs/C:/Users/LENOVO/Downloads/gautam-modular-kitchen-redesign-clone/node_modules/.vite/deps/react-dom_client.js?v=53a8b0fd:18509:20)\n    at renderWithHooks (http://localhost:3001/@fs/C:/Users/LENOVO/Downloads/gautam-modular-kitchen-redesign-clone/node_modules/.vite/deps/react-dom_client.js?v=53a8b0fd:5654:24)\n    at updateFunctionComponent (http://localhost:3001/@fs/C:/Users/LENOVO/Downloads/gautam-modular-kitchen-redesign-clone/node_modules/.vite/deps/react-dom_client.js?v=53a8b0fd:7475:21)\n    at beginWork (http://localhost:3001/@fs/C:/Users/LENOVO/Downloads/gautam-modular-kitchen-redesign-clone/node_modules/.vite/deps/react-dom_client.js?v=53a8b0fd:8525:20)\n    at runWithFiberInDEV (http://localhost:3001/@fs/C:/Users/LENOVO/Downloads/gautam-modular-kitchen-redesign-clone/node_modules/.vite/deps/react-dom_client.js?v=53a8b0fd:997:72)\n    at performUnitOfWork (http://localhost:3001/@fs/C:/Users/LENOVO/Downloads/gautam-modular-kitchen-redesign-clone/node_modules/.vite/deps/react-dom_client.js?v=53a8b0fd:12561:98)\n    at workLoopSync (http://localhost:3001/@fs/C:/Users/LENOVO/Downloads/gautam-modular-kitchen-redesign-clone/node_modules/.vite/deps/react-dom_client.js?v=53a8b0fd:12424:43)\n    at renderRootSync (http://localhost:3001/@fs/C:/Users/LENOVO/Downloads/gautam-modular-kitchen-redesign-clone/node_modules/.vite/deps/react-dom_client.js?v=53a8b0fd:12408:13)\n    at performWorkOnRoot (http://localhost:3001/@fs/C:/Users/LENOVO/Downloads/gautam-modular-kitchen-redesign-clone/node_modules/.vite/deps/react-dom_client.js?v=53a8b0fd:11827:37)"},"The above error occurred in the <AppointmentBooking> component.","React will try to recreate this component tree from scratch using the error boundary you provided, ErrorBoundary."],"stack":"Error\n    at console.<computed> [as error] (http://localhost:3001/__manus__/debug-collector.js:391:37)\n    at defaultOnCaughtError (http://localhost:3001/@fs/C:/Users/LENOVO/Downloads/gautam-modular-kitchen-redesign-clone/node_modules/.vite/deps/react-dom_client.js?v=53a8b0fd:7001:19)\n    at logCaughtError (http://localhost:3001/@fs/C:/Users/LENOVO/Downloads/gautam-modular-kitchen-redesign-clone/node_modules/.vite/deps/react-dom_client.js?v=53a8b0fd:7033:11)\n    at runWithFiberInDEV (http://localhost:3001/@fs/C:/Users/LENOVO/Downloads/gautam-modular-kitchen-redesign-clone/node_modules/.vite/deps/react-dom_client.js?v=53a8b0fd:997:72)\n    at update.callback (http://localhost:3001/@fs/C:/Users/LENOVO/Downloads/gautam-modular-kitchen-redesign-clone/node_modules/.vite/deps/react-dom_client.js?v=53a8b0fd:7066:13)\n    at callCallback (http://localhost:3001/@fs/C:/Users/LENOVO/Downloads/gautam-modular-kitchen-redesign-clone/node_modules/.vite/deps/react-dom_client.js?v=53a8b0fd:5491:18)\n    at commitCallbacks (http://localhost:3001/@fs/C:/Users/LENOVO/Downloads/gautam-modular-kitchen-redesign-clone/node_modules/.vite/deps/react-dom_client.js?v=53a8b0fd:5503:13)\n    at runWithFiberInDEV (http://localhost:3001/@fs/C:/Users/LENOVO/Downloads/gautam-modular-kitchen-redesign-clone/node_modules/.vite/deps/react-dom_client.js?v=53a8b0fd:997:72)\n    at commitClassCallbacks (http://localhost:3001/@fs/C:/Users/LENOVO/Downloads/gautam-modular-kitchen-redesign-clone/node_modules/.vite/deps/react-dom_client.js?v=53a8b0fd:9490:13)\n    at commitLayoutEffectOnFiber (http://localhost:3001/@fs/C:/Users/LENOVO/Downloads/gautam-modular-kitchen-redesign-clone/node_modules/.vite/deps/react-dom_client.js?v=53a8b0fd:9958:27)"}
[2026-07-20T07:23:11.071Z] {"timestamp":1784532146848,"level":"LOG","args":["[vite] server connection lost. Polling for restart..."],"stack":null}
[2026-07-20T07:24:20.004Z] {"timestamp":1784532259523,"level":"DEBUG","args":["[vite]","hot updated: /src/index.css"],"stack":null}
[2026-07-20T07:24:20.004Z] {"timestamp":1784532259526,"level":"DEBUG","args":["[vite]","hot updated: /src/components/AppointmentBooking.tsx"],"stack":null}
[2026-07-20T07:25:11.076Z] {"timestamp":1784532259573,"level":"DEBUG","args":["[vite]","hot updated: /src/index.css"],"stack":null}
[2026-07-20T07:25:11.076Z] {"timestamp":1784532259574,"level":"DEBUG","args":["[vite]","hot updated: /src/components/AppointmentBooking.tsx"],"stack":null}
[2026-07-20T07:26:00.882Z] {"timestamp":1784532354614,"level":"LOG","args":["[vite] server connection lost. Polling for restart..."],"stack":null}
[2026-07-20T07:26:11.064Z] {"timestamp":1784532354586,"level":"LOG","args":["[vite] server connection lost. Polling for restart..."],"stack":null}
[2026-07-20T07:26:11.096Z] {"timestamp":1784532369090,"level":"DEBUG","args":["[Manus] Debug collector initialized (no rrweb, UI events only)"],"stack":null}
[2026-07-20T07:26:11.096Z] {"timestamp":1784532369104,"level":"DEBUG","args":["[vite] connected."],"stack":null}
[2026-07-20T07:26:11.096Z] {"timestamp":1784532369196,"level":"INFO","args":["%cDownload the React DevTools for a better development experience: https://react.dev/link/react-devtools","font-weight:bold"],"stack":null}
[2026-07-20T07:29:11.074Z] {"timestamp":1784532502014,"level":"DEBUG","args":["[vite]","hot updated: /src/index.css"],"stack":null}
[2026-07-20T07:29:11.074Z] {"timestamp":1784532502015,"level":"DEBUG","args":["[vite]","hot updated: /src/components/CostCalculator.tsx"],"stack":null}
[2026-07-20T07:29:11.074Z] {"timestamp":1784532502349,"level":"DEBUG","args":["[vite]","hot updated: /src/index.css"],"stack":null}
[2026-07-20T07:29:11.074Z] {"timestamp":1784532502349,"level":"DEBUG","args":["[vite]","hot updated: /src/components/CostCalculator.tsx"],"stack":null}
[2026-07-20T07:29:11.074Z] {"timestamp":1784532505325,"level":"DEBUG","args":["[vite]","hot updated: /src/index.css"],"stack":null}
[2026-07-20T07:29:11.074Z] {"timestamp":1784532505327,"level":"DEBUG","args":["[vite]","hot updated: /src/components/CostCalculator.tsx"],"stack":null}
[2026-07-20T07:29:11.074Z] {"timestamp":1784532524461,"level":"DEBUG","args":["[vite]","hot updated: /src/index.css"],"stack":null}
[2026-07-20T07:29:11.074Z] {"timestamp":1784532524461,"level":"DEBUG","args":["[vite]","hot updated: /src/components/CostCalculator.tsx"],"stack":null}
[2026-07-20T07:29:11.074Z] {"timestamp":1784532524761,"level":"DEBUG","args":["[vite]","hot updated: /src/index.css"],"stack":null}
[2026-07-20T07:29:11.074Z] {"timestamp":1784532524761,"level":"DEBUG","args":["[vite]","hot updated: /src/components/CostCalculator.tsx"],"stack":null}
[2026-07-20T07:29:11.074Z] {"timestamp":1784532534628,"level":"DEBUG","args":["[vite]","hot updated: /src/index.css"],"stack":null}
[2026-07-20T07:29:11.074Z] {"timestamp":1784532534629,"level":"DEBUG","args":["[vite]","hot updated: /src/components/CostCalculator.tsx"],"stack":null}
[2026-07-20T07:29:11.074Z] {"timestamp":1784532534906,"level":"DEBUG","args":["[vite]","hot updated: /src/index.css"],"stack":null}
[2026-07-20T07:29:11.074Z] {"timestamp":1784532534906,"level":"DEBUG","args":["[vite]","hot updated: /src/components/CostCalculator.tsx"],"stack":null}
[2026-07-20T07:30:11.072Z] {"timestamp":1784532554101,"level":"DEBUG","args":["[vite]","hot updated: /src/index.css"],"stack":null}
[2026-07-20T07:30:11.072Z] {"timestamp":1784532554101,"level":"DEBUG","args":["[vite]","hot updated: /src/components/CostCalculator.tsx"],"stack":null}
[2026-07-20T07:30:11.072Z] {"timestamp":1784532563860,"level":"DEBUG","args":["[vite]","hot updated: /src/index.css"],"stack":null}
[2026-07-20T07:30:11.072Z] {"timestamp":1784532563861,"level":"DEBUG","args":["[vite]","hot updated: /src/components/CostCalculator.tsx"],"stack":null}
[2026-07-20T07:30:11.072Z] {"timestamp":1784532582791,"level":"DEBUG","args":["[vite]","hot updated: /src/index.css"],"stack":null}
[2026-07-20T07:30:11.072Z] {"timestamp":1784532582791,"level":"DEBUG","args":["[vite]","hot updated: /src/components/CostCalculator.tsx"],"stack":null}
[2026-07-20T07:30:11.072Z] {"timestamp":1784532589617,"level":"ERROR","args":["[vite]","Failed to reload /src/components/CostCalculator.tsx. This could be due to syntax errors or importing non-existent modules. (see errors above)"],"stack":"Error\n    at console.error (http://10.121.60.250:3001/__manus__/debug-collector.js:391:37)\n    at Object.error (http://10.121.60.250:3001/@vite/client:809:26)\n    at HMRClient.warnFailedUpdate (http://10.121.60.250:3001/@vite/client:181:15)\n    at HMRClient.fetchUpdate (http://10.121.60.250:3001/@vite/client:212:10)\n    at async Promise.all (index 1)\n    at async HMRClient.queueUpdate (http://10.121.60.250:3001/@vite/client:196:5)\n    at async Promise.all (index 0)\n    at async handleMessage (http://10.121.60.250:3001/@vite/client:838:4)"}
[2026-07-20T07:30:11.072Z] {"timestamp":1784532589622,"level":"DEBUG","args":["[vite]","hot updated: /src/index.css"],"stack":null}
[2026-07-20T07:30:11.072Z] {"timestamp":1784532589622,"level":"DEBUG","args":["[vite]","hot updated: /src/components/CostCalculator.tsx"],"stack":null}
[2026-07-20T07:30:11.072Z] {"timestamp":1784532595377,"level":"ERROR","args":["[vite]","Failed to reload /src/components/CostCalculator.tsx. This could be due to syntax errors or importing non-existent modules. (see errors above)"],"stack":"Error\n    at console.error (http://10.121.60.250:3001/__manus__/debug-collector.js:391:37)\n    at Object.error (http://10.121.60.250:3001/@vite/client:809:26)\n    at HMRClient.warnFailedUpdate (http://10.121.60.250:3001/@vite/client:181:15)\n    at HMRClient.fetchUpdate (http://10.121.60.250:3001/@vite/client:212:10)\n    at async Promise.all (index 1)\n    at async HMRClient.queueUpdate (http://10.121.60.250:3001/@vite/client:196:5)\n    at async Promise.all (index 0)\n    at async handleMessage (http://10.121.60.250:3001/@vite/client:838:4)"}
[2026-07-20T07:30:11.072Z] {"timestamp":1784532596169,"level":"DEBUG","args":["[vite]","hot updated: /src/index.css"],"stack":null}
[2026-07-20T07:30:11.072Z] {"timestamp":1784532596169,"level":"DEBUG","args":["[vite]","hot updated: /src/components/CostCalculator.tsx"],"stack":null}
[2026-07-20T07:30:11.072Z] {"timestamp":1784532602203,"level":"ERROR","args":["[vite]","Failed to reload /src/components/CostCalculator.tsx. This could be due to syntax errors or importing non-existent modules. (see errors above)"],"stack":"Error\n    at console.error (http://10.121.60.250:3001/__manus__/debug-collector.js:391:37)\n    at Object.error (http://10.121.60.250:3001/@vite/client:809:26)\n    at HMRClient.warnFailedUpdate (http://10.121.60.250:3001/@vite/client:181:15)\n    at HMRClient.fetchUpdate (http://10.121.60.250:3001/@vite/client:212:10)\n    at async Promise.all (index 1)\n    at async HMRClient.queueUpdate (http://10.121.60.250:3001/@vite/client:196:5)\n    at async Promise.all (index 0)\n    at async handleMessage (http://10.121.60.250:3001/@vite/client:838:4)"}
[2026-07-20T07:30:11.072Z] {"timestamp":1784532603214,"level":"DEBUG","args":["[vite]","hot updated: /src/index.css"],"stack":null}
[2026-07-20T07:30:11.072Z] {"timestamp":1784532603214,"level":"DEBUG","args":["[vite]","hot updated: /src/components/CostCalculator.tsx"],"stack":null}
[2026-07-20T07:30:11.072Z] {"timestamp":1784532610472,"level":"ERROR","args":["[vite]","Failed to reload /src/components/CostCalculator.tsx. This could be due to syntax errors or importing non-existent modules. (see errors above)"],"stack":"Error\n    at console.error (http://10.121.60.250:3001/__manus__/debug-collector.js:391:37)\n    at Object.error (http://10.121.60.250:3001/@vite/client:809:26)\n    at HMRClient.warnFailedUpdate (http://10.121.60.250:3001/@vite/client:181:15)\n    at HMRClient.fetchUpdate (http://10.121.60.250:3001/@vite/client:212:10)\n    at async Promise.all (index 1)\n    at async HMRClient.queueUpdate (http://10.121.60.250:3001/@vite/client:196:5)\n    at async Promise.all (index 0)\n    at async handleMessage (http://10.121.60.250:3001/@vite/client:838:4)"}
[2026-07-20T07:31:11.079Z] {"timestamp":1784532611340,"level":"DEBUG","args":["[vite]","hot updated: /src/index.css"],"stack":null}
[2026-07-20T07:31:11.079Z] {"timestamp":1784532611340,"level":"DEBUG","args":["[vite]","hot updated: /src/components/CostCalculator.tsx"],"stack":null}
[2026-07-20T07:31:11.079Z] {"timestamp":1784532618967,"level":"DEBUG","args":["[vite]","hot updated: /src/index.css"],"stack":null}
[2026-07-20T07:31:11.079Z] {"timestamp":1784532618967,"level":"DEBUG","args":["[vite]","hot updated: /src/components/CostCalculator.tsx"],"stack":null}
[2026-07-20T07:31:11.079Z] {"timestamp":1784532627450,"level":"ERROR","args":["[vite]","Failed to reload /src/components/CostCalculator.tsx. This could be due to syntax errors or importing non-existent modules. (see errors above)"],"stack":"Error\n    at console.error (http://10.121.60.250:3001/__manus__/debug-collector.js:391:37)\n    at Object.error (http://10.121.60.250:3001/@vite/client:809:26)\n    at HMRClient.warnFailedUpdate (http://10.121.60.250:3001/@vite/client:181:15)\n    at HMRClient.fetchUpdate (http://10.121.60.250:3001/@vite/client:212:10)\n    at async Promise.all (index 1)\n    at async HMRClient.queueUpdate (http://10.121.60.250:3001/@vite/client:196:5)\n    at async Promise.all (index 0)\n    at async handleMessage (http://10.121.60.250:3001/@vite/client:838:4)"}
[2026-07-20T07:31:11.079Z] {"timestamp":1784532628413,"level":"DEBUG","args":["[vite]","hot updated: /src/index.css"],"stack":null}
[2026-07-20T07:31:11.079Z] {"timestamp":1784532628414,"level":"DEBUG","args":["[vite]","hot updated: /src/components/CostCalculator.tsx"],"stack":null}
[2026-07-20T07:31:11.079Z] {"timestamp":1784532636215,"level":"ERROR","args":["[vite]","Failed to reload /src/components/CostCalculator.tsx. This could be due to syntax errors or importing non-existent modules. (see errors above)"],"stack":"Error\n    at console.error (http://10.121.60.250:3001/__manus__/debug-collector.js:391:37)\n    at Object.error (http://10.121.60.250:3001/@vite/client:809:26)\n    at HMRClient.warnFailedUpdate (http://10.121.60.250:3001/@vite/client:181:15)\n    at HMRClient.fetchUpdate (http://10.121.60.250:3001/@vite/client:212:10)\n    at async Promise.all (index 1)\n    at async HMRClient.queueUpdate (http://10.121.60.250:3001/@vite/client:196:5)\n    at async Promise.all (index 0)\n    at async handleMessage (http://10.121.60.250:3001/@vite/client:838:4)"}
[2026-07-20T07:31:11.079Z] {"timestamp":1784532637143,"level":"DEBUG","args":["[vite]","hot updated: /src/index.css"],"stack":null}
[2026-07-20T07:31:11.079Z] {"timestamp":1784532637143,"level":"DEBUG","args":["[vite]","hot updated: /src/components/CostCalculator.tsx"],"stack":null}
[2026-07-20T07:31:11.079Z] {"timestamp":1784532637450,"level":"ERROR","args":["[vite]","Failed to reload /src/components/CostCalculator.tsx. This could be due to syntax errors or importing non-existent modules. (see errors above)"],"stack":"Error\n    at console.error (http://10.121.60.250:3001/__manus__/debug-collector.js:391:37)\n    at Object.error (http://10.121.60.250:3001/@vite/client:809:26)\n    at HMRClient.warnFailedUpdate (http://10.121.60.250:3001/@vite/client:181:15)\n    at HMRClient.fetchUpdate (http://10.121.60.250:3001/@vite/client:212:10)\n    at async Promise.all (index 1)\n    at async HMRClient.queueUpdate (http://10.121.60.250:3001/@vite/client:196:5)\n    at async Promise.all (index 0)\n    at async handleMessage (http://10.121.60.250:3001/@vite/client:838:4)"}
[2026-07-20T07:31:11.079Z] {"timestamp":1784532637452,"level":"DEBUG","args":["[vite]","hot updated: /src/index.css"],"stack":null}
[2026-07-20T07:31:11.079Z] {"timestamp":1784532637452,"level":"DEBUG","args":["[vite]","hot updated: /src/components/CostCalculator.tsx"],"stack":null}
[2026-07-20T07:31:11.079Z] {"timestamp":1784532645361,"level":"ERROR","args":["[vite]","Failed to reload /src/components/CostCalculator.tsx. This could be due to syntax errors or importing non-existent modules. (see errors above)"],"stack":"Error\n    at console.error (http://10.121.60.250:3001/__manus__/debug-collector.js:391:37)\n    at Object.error (http://10.121.60.250:3001/@vite/client:809:26)\n    at HMRClient.warnFailedUpdate (http://10.121.60.250:3001/@vite/client:181:15)\n    at HMRClient.fetchUpdate (http://10.121.60.250:3001/@vite/client:212:10)\n    at async Promise.all (index 1)\n    at async HMRClient.queueUpdate (http://10.121.60.250:3001/@vite/client:196:5)\n    at async Promise.all (index 0)\n    at async handleMessage (http://10.121.60.250:3001/@vite/client:838:4)"}
[2026-07-20T07:31:11.079Z] {"timestamp":1784532646302,"level":"DEBUG","args":["[vite]","hot updated: /src/index.css"],"stack":null}
[2026-07-20T07:31:11.079Z] {"timestamp":1784532646302,"level":"DEBUG","args":["[vite]","hot updated: /src/components/CostCalculator.tsx"],"stack":null}
[2026-07-20T07:31:11.079Z] {"timestamp":1784532654916,"level":"DEBUG","args":["[vite]","hot updated: /src/index.css"],"stack":null}
[2026-07-20T07:31:11.079Z] {"timestamp":1784532654917,"level":"DEBUG","args":["[vite]","hot updated: /src/components/CostCalculator.tsx"],"stack":null}
[2026-07-20T07:31:11.079Z] {"timestamp":1784532666770,"level":"ERROR","args":["[vite]","Failed to reload /src/components/CostCalculator.tsx. This could be due to syntax errors or importing non-existent modules. (see errors above)"],"stack":"Error\n    at console.error (http://10.121.60.250:3001/__manus__/debug-collector.js:391:37)\n    at Object.error (http://10.121.60.250:3001/@vite/client:809:26)\n    at HMRClient.warnFailedUpdate (http://10.121.60.250:3001/@vite/client:181:15)\n    at HMRClient.fetchUpdate (http://10.121.60.250:3001/@vite/client:212:10)\n    at async Promise.all (index 1)\n    at async HMRClient.queueUpdate (http://10.121.60.250:3001/@vite/client:196:5)\n    at async Promise.all (index 0)\n    at async handleMessage (http://10.121.60.250:3001/@vite/client:838:4)"}
[2026-07-20T07:31:11.079Z] {"timestamp":1784532668140,"level":"DEBUG","args":["[vite]","hot updated: /src/index.css"],"stack":null}
[2026-07-20T07:31:11.079Z] {"timestamp":1784532668140,"level":"DEBUG","args":["[vite]","hot updated: /src/components/CostCalculator.tsx"],"stack":null}
[2026-07-20T07:32:26.218Z] {"timestamp":1784532741554,"level":"DEBUG","args":["[Manus] Debug collector initialized (no rrweb, UI events only)"],"stack":null}
[2026-07-20T07:32:26.221Z] {"timestamp":1784532741567,"level":"DEBUG","args":["[vite] connected."],"stack":null}
[2026-07-20T07:32:28.969Z] {"timestamp":1784532675705,"level":"DEBUG","args":["[vite]","hot updated: /src/index.css"],"stack":null}
[2026-07-20T07:32:28.969Z] {"timestamp":1784532675706,"level":"DEBUG","args":["[vite]","hot updated: /src/components/CostCalculator.tsx"],"stack":null}
[2026-07-20T07:32:28.969Z] {"timestamp":1784532676020,"level":"DEBUG","args":["[vite]","hot updated: /src/index.css"],"stack":null}
[2026-07-20T07:32:28.969Z] {"timestamp":1784532676020,"level":"DEBUG","args":["[vite]","hot updated: /src/components/CostCalculator.tsx"],"stack":null}
[2026-07-20T07:32:28.969Z] {"timestamp":1784532729239,"level":"LOG","args":["[vite] server connection lost. Polling for restart..."],"stack":null}
[2026-07-20T07:32:31.558Z] {"timestamp":1784532750459,"level":"INFO","args":["%cDownload the React DevTools for a better development experience: https://react.dev/link/react-devtools","font-weight:bold"],"stack":null}
[2026-07-20T07:38:11.073Z] {"timestamp":1784533037438,"level":"DEBUG","args":["[vite]","hot updated: /src/index.css"],"stack":null}
[2026-07-20T07:38:11.073Z] {"timestamp":1784533037440,"level":"DEBUG","args":["[vite]","hot updated: /src/components/StyleQuiz.tsx"],"stack":null}
[2026-07-20T07:38:11.073Z] {"timestamp":1784533037722,"level":"DEBUG","args":["[vite]","hot updated: /src/index.css"],"stack":null}
[2026-07-20T07:38:11.073Z] {"timestamp":1784533037723,"level":"DEBUG","args":["[vite]","hot updated: /src/components/StyleQuiz.tsx"],"stack":null}
[2026-07-20T07:42:29.195Z] {"timestamp":1784533345163,"level":"DEBUG","args":["[Manus] Debug collector initialized (no rrweb, UI events only)"],"stack":null}
[2026-07-20T07:42:29.196Z] {"timestamp":1784533345175,"level":"DEBUG","args":["[vite] connected."],"stack":null}
[2026-07-20T07:42:33.419Z] {"timestamp":1784533352569,"level":"INFO","args":["%cDownload the React DevTools for a better development experience: https://react.dev/link/react-devtools","font-weight:bold"],"stack":null}
[2026-07-20T07:43:11.062Z] {"timestamp":1784533333783,"level":"LOG","args":["[vite] server connection lost. Polling for restart..."],"stack":null}
[2026-07-20T07:45:34.066Z] {"timestamp":1784533531306,"level":"DEBUG","args":["[Manus] Debug collector initialized (no rrweb, UI events only)"],"stack":null}
[2026-07-20T07:45:34.066Z] {"timestamp":1784533531323,"level":"DEBUG","args":["[vite] connected."],"stack":null}
[2026-07-20T07:45:34.066Z] {"timestamp":1784533531381,"level":"INFO","args":["%cDownload the React DevTools for a better development experience: https://react.dev/link/react-devtools","font-weight:bold"],"stack":null}
[2026-07-20T07:46:24.074Z] {"timestamp":1784533582351,"level":"DEBUG","args":["[vite]","hot updated: /src/index.css"],"stack":null}
[2026-07-20T07:46:24.074Z] {"timestamp":1784533582352,"level":"DEBUG","args":["[vite]","hot updated: /src/components/AppointmentBooking.tsx"],"stack":null}
[2026-07-20T07:46:24.084Z] {"timestamp":1784533582101,"level":"DEBUG","args":["[vite]","hot updated: /src/index.css"],"stack":null}
[2026-07-20T07:46:24.084Z] {"timestamp":1784533582102,"level":"DEBUG","args":["[vite]","hot updated: /src/components/AppointmentBooking.tsx"],"stack":null}
[2026-07-20T07:46:32.059Z] {"timestamp":1784533590677,"level":"DEBUG","args":["[vite]","hot updated: /src/index.css"],"stack":null}
[2026-07-20T07:46:32.059Z] {"timestamp":1784533590677,"level":"DEBUG","args":["[vite]","hot updated: /src/components/AppointmentBooking.tsx"],"stack":null}
[2026-07-20T07:46:42.062Z] {"timestamp":1784533601395,"level":"ERROR","args":["[vite]","Failed to reload /src/components/AppointmentBooking.tsx. This could be due to syntax errors or importing non-existent modules. (see errors above)"],"stack":"Error\n    at console.error (http://10.121.60.250:3001/__manus__/debug-collector.js:391:37)\n    at Object.error (http://10.121.60.250:3001/@vite/client:809:26)\n    at HMRClient.warnFailedUpdate (http://10.121.60.250:3001/@vite/client:181:15)\n    at HMRClient.fetchUpdate (http://10.121.60.250:3001/@vite/client:212:10)\n    at async Promise.all (index 1)\n    at async HMRClient.queueUpdate (http://10.121.60.250:3001/@vite/client:196:5)\n    at async Promise.all (index 0)\n    at async handleMessage (http://10.121.60.250:3001/@vite/client:838:4)"}
[2026-07-20T07:46:42.062Z] {"timestamp":1784533601403,"level":"DEBUG","args":["[vite]","hot updated: /src/index.css"],"stack":null}
[2026-07-20T07:46:42.062Z] {"timestamp":1784533601403,"level":"DEBUG","args":["[vite]","hot updated: /src/components/AppointmentBooking.tsx"],"stack":null}
[2026-07-20T07:46:48.079Z] {"timestamp":1784533607117,"level":"DEBUG","args":["[vite]","hot updated: /src/index.css"],"stack":null}
[2026-07-20T07:46:48.079Z] {"timestamp":1784533607118,"level":"DEBUG","args":["[vite]","hot updated: /src/components/AppointmentBooking.tsx"],"stack":null}
[2026-07-20T07:47:04.062Z] {"timestamp":1784533622216,"level":"DEBUG","args":["[vite]","hot updated: /src/index.css"],"stack":null}
[2026-07-20T07:47:04.062Z] {"timestamp":1784533622216,"level":"DEBUG","args":["[vite]","hot updated: /src/components/AppointmentBooking.tsx"],"stack":null}
[2026-07-20T07:47:04.062Z] {"timestamp":1784533622577,"level":"DEBUG","args":["[vite]","hot updated: /src/index.css"],"stack":null}
[2026-07-20T07:47:04.062Z] {"timestamp":1784533622577,"level":"DEBUG","args":["[vite]","hot updated: /src/components/AppointmentBooking.tsx"],"stack":null}
[2026-07-20T07:47:11.064Z] {"timestamp":1784533590635,"level":"DEBUG","args":["[vite]","hot updated: /src/index.css"],"stack":null}
[2026-07-20T07:47:11.064Z] {"timestamp":1784533590635,"level":"DEBUG","args":["[vite]","hot updated: /src/components/AppointmentBooking.tsx"],"stack":null}
[2026-07-20T07:47:11.064Z] {"timestamp":1784533601385,"level":"ERROR","args":["[vite]","Failed to reload /src/components/AppointmentBooking.tsx. This could be due to syntax errors or importing non-existent modules. (see errors above)"],"stack":"Error\n    at console.error (http://10.121.60.250:3001/__manus__/debug-collector.js:391:37)\n    at Object.error (http://10.121.60.250:3001/@vite/client:809:26)\n    at HMRClient.warnFailedUpdate (http://10.121.60.250:3001/@vite/client:181:15)\n    at HMRClient.fetchUpdate (http://10.121.60.250:3001/@vite/client:212:10)\n    at async Promise.all (index 1)\n    at async HMRClient.queueUpdate (http://10.121.60.250:3001/@vite/client:196:5)\n    at async Promise.all (index 0)\n    at async handleMessage (http://10.121.60.250:3001/@vite/client:838:4)"}
[2026-07-20T07:47:11.064Z] {"timestamp":1784533601395,"level":"DEBUG","args":["[vite]","hot updated: /src/index.css"],"stack":null}
[2026-07-20T07:47:11.064Z] {"timestamp":1784533601396,"level":"DEBUG","args":["[vite]","hot updated: /src/components/AppointmentBooking.tsx"],"stack":null}
[2026-07-20T07:47:11.064Z] {"timestamp":1784533607171,"level":"DEBUG","args":["[vite]","hot updated: /src/index.css"],"stack":null}
[2026-07-20T07:47:11.064Z] {"timestamp":1784533607171,"level":"DEBUG","args":["[vite]","hot updated: /src/components/AppointmentBooking.tsx"],"stack":null}
[2026-07-20T07:47:11.064Z] {"timestamp":1784533622162,"level":"DEBUG","args":["[vite]","hot updated: /src/index.css"],"stack":null}
[2026-07-20T07:47:11.064Z] {"timestamp":1784533622162,"level":"DEBUG","args":["[vite]","hot updated: /src/components/AppointmentBooking.tsx"],"stack":null}
[2026-07-20T07:47:11.064Z] {"timestamp":1784533622448,"level":"DEBUG","args":["[vite]","hot updated: /src/index.css"],"stack":null}
[2026-07-20T07:47:11.064Z] {"timestamp":1784533622448,"level":"DEBUG","args":["[vite]","hot updated: /src/components/AppointmentBooking.tsx"],"stack":null}
[2026-07-20T07:47:22.064Z] {"timestamp":1784533640920,"level":"DEBUG","args":["[vite]","hot updated: /src/index.css"],"stack":null}
[2026-07-20T07:47:22.064Z] {"timestamp":1784533640920,"level":"DEBUG","args":["[vite]","hot updated: /src/components/BlogSection.tsx"],"stack":null}
[2026-07-20T07:48:11.072Z] {"timestamp":1784533640866,"level":"DEBUG","args":["[vite]","hot updated: /src/index.css"],"stack":null}
[2026-07-20T07:48:11.072Z] {"timestamp":1784533640866,"level":"DEBUG","args":["[vite]","hot updated: /src/components/BlogSection.tsx"],"stack":null}
[2026-07-20T07:50:08.200Z] {"timestamp":1784533802306,"level":"LOG","args":["[vite] server connection lost. Polling for restart..."],"stack":null}
[2026-07-20T07:50:11.065Z] {"timestamp":1784533802317,"level":"LOG","args":["[vite] server connection lost. Polling for restart..."],"stack":null}
[2026-07-20T07:50:16.906Z] {"timestamp":1784533812975,"level":"DEBUG","args":["[Manus] Debug collector initialized (no rrweb, UI events only)"],"stack":null}
[2026-07-20T07:50:16.906Z] {"timestamp":1784533812992,"level":"DEBUG","args":["[vite] connected."],"stack":null}
[2026-07-20T07:50:22.982Z] {"timestamp":1784533821047,"level":"INFO","args":["%cDownload the React DevTools for a better development experience: https://react.dev/link/react-devtools","font-weight:bold"],"stack":null}
[2026-07-20T09:20:35.497Z] {"timestamp":1784539230175,"level":"DEBUG","args":["[Manus] Debug collector initialized (no rrweb, UI events only)"],"stack":null}
[2026-07-20T09:20:35.497Z] {"timestamp":1784539230191,"level":"DEBUG","args":["[vite] connected."],"stack":null}
[2026-07-20T09:20:40.219Z] {"timestamp":1784539239397,"level":"INFO","args":["%cDownload the React DevTools for a better development experience: https://react.dev/link/react-devtools","font-weight:bold"],"stack":null}
[2026-07-20T09:21:11.066Z] {"timestamp":1784533919034,"level":"LOG","args":["[vite] server connection lost. Polling for restart..."],"stack":null}
[2026-07-20T09:49:28.774Z] {"timestamp":1784540964997,"level":"DEBUG","args":["[Manus] Debug collector initialized (no rrweb, UI events only)"],"stack":null}
[2026-07-20T09:49:29.049Z] {"timestamp":1784540968790,"level":"DEBUG","args":["[vite] connected."],"stack":null}
[2026-07-20T09:49:31.003Z] {"timestamp":1784540970429,"level":"INFO","args":["%cDownload the React DevTools for a better development experience: https://react.dev/link/react-devtools","font-weight:bold"],"stack":null}
[2026-07-20T11:06:36.236Z] {"timestamp":1784545590602,"level":"DEBUG","args":["[Manus] Debug collector initialized (no rrweb, UI events only)"],"stack":null}
[2026-07-20T11:06:36.236Z] {"timestamp":1784545590636,"level":"DEBUG","args":["[vite] connected."],"stack":null}
[2026-07-20T11:06:41.230Z] {"timestamp":1784545600570,"level":"INFO","args":["%cDownload the React DevTools for a better development experience: https://react.dev/link/react-devtools","font-weight:bold"],"stack":null}
[2026-07-20T11:09:14.878Z] {"timestamp":1784545753327,"level":"DEBUG","args":["[vite]","hot updated: /src/index.css"],"stack":null}
[2026-07-20T11:09:14.878Z] {"timestamp":1784545753328,"level":"DEBUG","args":["[vite]","hot updated: /src/components/ServicesSection.tsx"],"stack":null}
[2026-07-20T11:09:14.878Z] {"timestamp":1784545753666,"level":"DEBUG","args":["[vite]","hot updated: /src/index.css"],"stack":null}
[2026-07-20T11:09:14.878Z] {"timestamp":1784545753667,"level":"DEBUG","args":["[vite]","hot updated: /src/components/ServicesSection.tsx"],"stack":null}
[2026-07-20T11:09:58.152Z] {"timestamp":1784545796144,"level":"DEBUG","args":["[Manus] Debug collector initialized (no rrweb, UI events only)"],"stack":null}
[2026-07-20T11:09:58.152Z] {"timestamp":1784545796182,"level":"DEBUG","args":["[vite] connected."],"stack":null}
[2026-07-20T11:09:58.152Z] {"timestamp":1784545796223,"level":"INFO","args":["%cDownload the React DevTools for a better development experience: https://react.dev/link/react-devtools","font-weight:bold"],"stack":null}
[2026-07-20T11:12:37.325Z] {"timestamp":1784545940910,"level":"DEBUG","args":["[vite]","hot updated: /src/pages/Home.tsx"],"stack":null}
[2026-07-20T11:12:37.325Z] {"timestamp":1784545940911,"level":"DEBUG","args":["[vite]","hot updated: /src/index.css"],"stack":null}
[2026-07-20T11:12:46.887Z] {"timestamp":1784545959555,"level":"LOG","args":["[vite] server connection lost. Polling for restart..."],"stack":null}
[2026-07-20T11:12:56.197Z] {"timestamp":1784545971202,"level":"DEBUG","args":["[Manus] Debug collector initialized (no rrweb, UI events only)"],"stack":null}
[2026-07-20T11:12:56.197Z] {"timestamp":1784545971216,"level":"DEBUG","args":["[vite] connected."],"stack":null}
[2026-07-20T11:13:03.210Z] {"timestamp":1784545981297,"level":"INFO","args":["%cDownload the React DevTools for a better development experience: https://react.dev/link/react-devtools","font-weight:bold"],"stack":null}
[2026-07-20T11:13:46.408Z] {"timestamp":1784546024388,"level":"DEBUG","args":["[Manus] Debug collector initialized (no rrweb, UI events only)"],"stack":null}
[2026-07-20T11:13:46.408Z] {"timestamp":1784546024404,"level":"DEBUG","args":["[vite] connected."],"stack":null}
[2026-07-20T11:13:46.408Z] {"timestamp":1784546024484,"level":"INFO","args":["%cDownload the React DevTools for a better development experience: https://react.dev/link/react-devtools","font-weight:bold"],"stack":null}
[2026-07-20T11:17:34.399Z] {"timestamp":1784546252900,"level":"DEBUG","args":["[vite]","hot updated: /src/index.css"],"stack":null}
[2026-07-20T11:17:34.399Z] {"timestamp":1784546252901,"level":"DEBUG","args":["[vite]","hot updated: /src/components/ServicesSection.tsx"],"stack":null}
[2026-07-20T11:17:34.399Z] {"timestamp":1784546253074,"level":"DEBUG","args":["[vite]","hot updated: /src/index.css"],"stack":null}
[2026-07-20T11:17:34.399Z] {"timestamp":1784546253074,"level":"DEBUG","args":["[vite]","hot updated: /src/components/ServicesSection.tsx"],"stack":null}
[2026-07-20T11:17:40.885Z] {"timestamp":1784546253084,"level":"DEBUG","args":["[vite]","hot updated: /src/index.css"],"stack":null}
[2026-07-20T11:17:40.885Z] {"timestamp":1784546253085,"level":"DEBUG","args":["[vite]","hot updated: /src/components/ServicesSection.tsx"],"stack":null}
[2026-07-20T11:17:40.885Z] {"timestamp":1784546253431,"level":"DEBUG","args":["[vite]","hot updated: /src/index.css"],"stack":null}
[2026-07-20T11:17:40.885Z] {"timestamp":1784546253432,"level":"DEBUG","args":["[vite]","hot updated: /src/components/ServicesSection.tsx"],"stack":null}
[2026-07-20T11:18:00.880Z] {"timestamp":1784546280163,"level":"DEBUG","args":["[vite]","hot updated: /src/index.css"],"stack":null}
[2026-07-20T11:18:31.029Z] {"timestamp":1784546310316,"level":"DEBUG","args":["[vite]","hot updated: /src/pages/Home.tsx"],"stack":null}
[2026-07-20T11:18:31.030Z] {"timestamp":1784546310316,"level":"DEBUG","args":["[vite]","hot updated: /src/index.css"],"stack":null}
[2026-07-20T11:18:31.030Z] {"timestamp":1784546310729,"level":"DEBUG","args":["[vite]","hot updated: /src/pages/Home.tsx"],"stack":null}
[2026-07-20T11:18:31.030Z] {"timestamp":1784546310730,"level":"DEBUG","args":["[vite]","hot updated: /src/index.css"],"stack":null}
[2026-07-20T11:18:40.881Z] {"timestamp":1784546280131,"level":"DEBUG","args":["[vite]","hot updated: /src/index.css"],"stack":null}
[2026-07-20T11:18:40.881Z] {"timestamp":1784546310514,"level":"DEBUG","args":["[vite]","hot updated: /src/pages/Home.tsx"],"stack":null}
[2026-07-20T11:18:40.881Z] {"timestamp":1784546310514,"level":"DEBUG","args":["[vite]","hot updated: /src/index.css"],"stack":null}
[2026-07-20T11:18:40.881Z] {"timestamp":1784546310949,"level":"DEBUG","args":["[vite]","hot updated: /src/pages/Home.tsx"],"stack":null}
[2026-07-20T11:18:40.881Z] {"timestamp":1784546310950,"level":"DEBUG","args":["[vite]","hot updated: /src/index.css"],"stack":null}
[2026-07-20T11:19:37.850Z] {"timestamp":1784546373111,"level":"DEBUG","args":["[Manus] Debug collector initialized (no rrweb, UI events only)"],"stack":null}
[2026-07-20T11:19:37.850Z] {"timestamp":1784546373129,"level":"DEBUG","args":["[vite] connected."],"stack":null}
[2026-07-20T11:19:41.458Z] {"timestamp":1784546362287,"level":"LOG","args":["[vite] server connection lost. Polling for restart..."],"stack":null}
[2026-07-20T11:19:41.471Z] {"timestamp":1784546362287,"level":"LOG","args":["[vite] server connection lost. Polling for restart..."],"stack":null}
[2026-07-20T11:19:43.841Z] {"timestamp":1784546383062,"level":"INFO","args":["%cDownload the React DevTools for a better development experience: https://react.dev/link/react-devtools","font-weight:bold"],"stack":null}
[2026-07-20T11:21:33.122Z] {"timestamp":1784546491831,"level":"DEBUG","args":["[vite]","hot updated: /src/pages/Home.tsx"],"stack":null}
[2026-07-20T11:21:33.122Z] {"timestamp":1784546491831,"level":"DEBUG","args":["[vite]","hot updated: /src/index.css"],"stack":null}
[2026-07-20T11:21:54.314Z] {"timestamp":1784546512307,"level":"DEBUG","args":["[Manus] Debug collector initialized (no rrweb, UI events only)"],"stack":null}
[2026-07-20T11:21:54.314Z] {"timestamp":1784546512318,"level":"DEBUG","args":["[vite] connected."],"stack":null}
[2026-07-20T11:21:54.314Z] {"timestamp":1784546512379,"level":"INFO","args":["%cDownload the React DevTools for a better development experience: https://react.dev/link/react-devtools","font-weight:bold"],"stack":null}
[2026-07-20T11:24:11.341Z] {"timestamp":1784546650281,"level":"DEBUG","args":["[vite]","invalidate /src/contexts/CalculatorContext.tsx: Could not Fast Refresh (\"PACKAGE_DESC\" export is incompatible). Learn more at https://github.com/vitejs/vite-plugin-react/tree/main/packages/plugin-react#consistent-components-exports"],"stack":null}
[2026-07-20T11:24:11.341Z] {"timestamp":1784546650283,"level":"DEBUG","args":["[vite]","hot updated: /src/contexts/CalculatorContext.tsx"],"stack":null}
[2026-07-20T11:24:11.341Z] {"timestamp":1784546650284,"level":"DEBUG","args":["[vite]","hot updated: /src/index.css"],"stack":null}
[2026-07-20T11:24:12.945Z] {"timestamp":1784546651638,"level":"DEBUG","args":["[vite]","hot updated: /src/App.tsx"],"stack":null}
[2026-07-20T11:24:12.945Z] {"timestamp":1784546651639,"level":"DEBUG","args":["[vite]","hot updated: /src/components/StyleQuiz.tsx"],"stack":null}
[2026-07-20T11:24:12.945Z] {"timestamp":1784546651640,"level":"DEBUG","args":["[vite]","hot updated: /src/components/AppointmentBooking.tsx"],"stack":null}
[2026-07-20T11:24:12.945Z] {"timestamp":1784546651640,"level":"DEBUG","args":["[vite]","hot updated: /src/components/CostCalculator.tsx"],"stack":null}
[2026-07-20T11:27:40.881Z] {"timestamp":1784546810164,"level":"DEBUG","args":["[vite]","hot updated: /src/index.css"],"stack":null}
[2026-07-20T11:27:40.881Z] {"timestamp":1784546810164,"level":"DEBUG","args":["[vite]","hot updated: /src/components/CostCalculator.tsx"],"stack":null}
[2026-07-20T11:27:47.519Z] {"timestamp":1784546865508,"level":"DEBUG","args":["[Manus] Debug collector initialized (no rrweb, UI events only)"],"stack":null}
[2026-07-20T11:27:47.519Z] {"timestamp":1784546865533,"level":"DEBUG","args":["[vite] connected."],"stack":null}
[2026-07-20T11:27:47.519Z] {"timestamp":1784546865653,"level":"INFO","args":["%cDownload the React DevTools for a better development experience: https://react.dev/link/react-devtools","font-weight:bold"],"stack":null}
[2026-07-20T11:31:40.880Z] {"timestamp":1784547045585,"level":"DEBUG","args":["[vite]","hot updated: /src/index.css"],"stack":null}
[2026-07-20T11:31:40.880Z] {"timestamp":1784547045588,"level":"DEBUG","args":["[vite]","hot updated: /src/components/CostCalculator.tsx"],"stack":null}
[2026-07-20T11:31:40.880Z] {"timestamp":1784547091977,"level":"DEBUG","args":["[vite]","hot updated: /src/index.css"],"stack":null}
[2026-07-20T11:31:40.880Z] {"timestamp":1784547091978,"level":"DEBUG","args":["[vite]","hot updated: /src/components/CostCalculator.tsx"],"stack":null}
[2026-07-20T11:31:40.880Z] {"timestamp":1784547092302,"level":"DEBUG","args":["[vite]","hot updated: /src/index.css"],"stack":null}
[2026-07-20T11:31:40.880Z] {"timestamp":1784547092303,"level":"DEBUG","args":["[vite]","hot updated: /src/components/CostCalculator.tsx"],"stack":null}
[2026-07-20T11:31:40.880Z] {"timestamp":1784547100455,"level":"DEBUG","args":["[vite]","hot updated: /src/index.css"],"stack":null}
[2026-07-20T11:31:40.880Z] {"timestamp":1784547100456,"level":"DEBUG","args":["[vite]","hot updated: /src/components/CostCalculator.tsx"],"stack":null}
[2026-07-20T11:32:40.908Z] {"timestamp":1784547110059,"level":"DEBUG","args":["[vite]","hot updated: /src/index.css"],"stack":null}
[2026-07-20T11:32:40.908Z] {"timestamp":1784547110059,"level":"DEBUG","args":["[vite]","hot updated: /src/components/CostCalculator.tsx"],"stack":null}
[2026-07-20T11:32:40.908Z] {"timestamp":1784547134800,"level":"DEBUG","args":["[vite]","hot updated: /src/index.css"],"stack":null}
[2026-07-20T11:32:40.909Z] {"timestamp":1784547134806,"level":"DEBUG","args":["[vite]","hot updated: /src/components/CostCalculator.tsx"],"stack":null}
[2026-07-20T11:32:40.909Z] {"timestamp":1784547135518,"level":"DEBUG","args":["[vite]","hot updated: /src/index.css"],"stack":null}
[2026-07-20T11:32:40.909Z] {"timestamp":1784547135518,"level":"DEBUG","args":["[vite]","hot updated: /src/components/CostCalculator.tsx"],"stack":null}
[2026-07-20T11:32:57.136Z] {"timestamp":1784547174402,"level":"DEBUG","args":["[Manus] Debug collector initialized (no rrweb, UI events only)"],"stack":null}
[2026-07-20T11:32:57.136Z] {"timestamp":1784547174423,"level":"DEBUG","args":["[vite] connected."],"stack":null}
[2026-07-20T11:32:57.136Z] {"timestamp":1784547174472,"level":"INFO","args":["%cDownload the React DevTools for a better development experience: https://react.dev/link/react-devtools","font-weight:bold"],"stack":null}
[2026-07-20T11:32:57.917Z] {"timestamp":1784547175904,"level":"DEBUG","args":["[Manus] Debug collector initialized (no rrweb, UI events only)"],"stack":null}
[2026-07-20T11:32:57.917Z] {"timestamp":1784547175916,"level":"DEBUG","args":["[vite] connected."],"stack":null}
[2026-07-20T11:32:57.917Z] {"timestamp":1784547175983,"level":"INFO","args":["%cDownload the React DevTools for a better development experience: https://react.dev/link/react-devtools","font-weight:bold"],"stack":null}
[2026-07-20T11:40:12.887Z] {"timestamp":1784547610575,"level":"DEBUG","args":["[Manus] Debug collector initialized (no rrweb, UI events only)"],"stack":null}
[2026-07-20T11:40:12.887Z] {"timestamp":1784547610597,"level":"DEBUG","args":["[vite] connected."],"stack":null}
[2026-07-20T11:40:12.887Z] {"timestamp":1784547610696,"level":"INFO","args":["%cDownload the React DevTools for a better development experience: https://react.dev/link/react-devtools","font-weight:bold"],"stack":null}
[2026-07-22T04:21:36.863Z] {"timestamp":1784694093234,"level":"DEBUG","args":["[Manus] Debug collector initialized (no rrweb, UI events only)"],"stack":null}
[2026-07-22T04:21:38.134Z] {"timestamp":1784694096876,"level":"DEBUG","args":["[vite] connected."],"stack":null}
[2026-07-22T04:21:39.406Z] {"timestamp":1784694098718,"level":"INFO","args":["%cDownload the React DevTools for a better development experience: https://react.dev/link/react-devtools","font-weight:bold"],"stack":null}
[2026-07-22T04:26:59.415Z] {"timestamp":1784694415296,"level":"DEBUG","args":["[Manus] Debug collector initialized (no rrweb, UI events only)"],"stack":null}
[2026-07-22T04:26:59.415Z] {"timestamp":1784694415307,"level":"DEBUG","args":["[vite] connected."],"stack":null}
[2026-07-22T04:27:01.537Z] {"timestamp":1784694421115,"level":"INFO","args":["%cDownload the React DevTools for a better development experience: https://react.dev/link/react-devtools","font-weight:bold"],"stack":null}
[2026-07-22T04:32:09.960Z] {"timestamp":1784694673319,"level":"DEBUG","args":["[vite]","hot updated: /src/index.css"],"stack":null}
[2026-07-22T04:32:09.960Z] {"timestamp":1784694673322,"level":"DEBUG","args":["[vite]","hot updated: /src/components/AppointmentBooking.tsx"],"stack":null}
[2026-07-22T04:36:09.957Z] {"timestamp":1784694947462,"level":"DEBUG","args":["[vite]","invalidate /src/contexts/CalculatorContext.tsx: Could not Fast Refresh (\"PACKAGE_DESC\" export is incompatible). Learn more at https://github.com/vitejs/vite-plugin-react/tree/main/packages/plugin-react#consistent-components-exports"],"stack":null}
[2026-07-22T04:36:09.957Z] {"timestamp":1784694947463,"level":"DEBUG","args":["[vite]","hot updated: /src/contexts/CalculatorContext.tsx"],"stack":null}
[2026-07-22T04:36:09.957Z] {"timestamp":1784694947463,"level":"DEBUG","args":["[vite]","hot updated: /src/index.css"],"stack":null}
[2026-07-22T04:36:09.957Z] {"timestamp":1784694947864,"level":"DEBUG","args":["[vite]","hot updated: /src/App.tsx"],"stack":null}
[2026-07-22T04:36:09.957Z] {"timestamp":1784694947864,"level":"DEBUG","args":["[vite]","hot updated: /src/components/CostCalculator.tsx"],"stack":null}
[2026-07-22T04:36:09.957Z] {"timestamp":1784694947864,"level":"DEBUG","args":["[vite]","hot updated: /src/components/StyleQuiz.tsx"],"stack":null}
[2026-07-22T04:36:09.957Z] {"timestamp":1784694947864,"level":"DEBUG","args":["[vite]","hot updated: /src/components/AppointmentBooking.tsx"],"stack":null}
[2026-07-22T04:36:09.957Z] {"timestamp":1784694961561,"level":"DEBUG","args":["[vite]","hot updated: /src/index.css"],"stack":null}
[2026-07-22T04:36:09.957Z] {"timestamp":1784694961561,"level":"DEBUG","args":["[vite]","hot updated: /src/components/CostCalculator.tsx"],"stack":null}
[2026-07-22T04:36:56.233Z] {"timestamp":1784695014228,"level":"DEBUG","args":["[Manus] Debug collector initialized (no rrweb, UI events only)"],"stack":null}
[2026-07-22T04:36:56.233Z] {"timestamp":1784695014241,"level":"DEBUG","args":["[vite] connected."],"stack":null}
[2026-07-22T04:36:56.233Z] {"timestamp":1784695014282,"level":"INFO","args":["%cDownload the React DevTools for a better development experience: https://react.dev/link/react-devtools","font-weight:bold"],"stack":null}
[2026-07-22T04:42:09.965Z] {"timestamp":1784695300655,"level":"DEBUG","args":["[vite]","hot updated: /src/index.css"],"stack":null}
[2026-07-22T04:42:09.965Z] {"timestamp":1784695300656,"level":"DEBUG","args":["[vite]","hot updated: /src/components/ServicesSection.tsx"],"stack":null}
[2026-07-22T04:42:09.965Z] {"timestamp":1784695300997,"level":"DEBUG","args":["[vite]","hot updated: /src/index.css"],"stack":null}
[2026-07-22T04:42:09.965Z] {"timestamp":1784695300997,"level":"DEBUG","args":["[vite]","hot updated: /src/components/ServicesSection.tsx"],"stack":null}
[2026-07-23T06:31:26.119Z] {"timestamp":1784788283396,"level":"DEBUG","args":["[Manus] Debug collector initialized (no rrweb, UI events only)"],"stack":null}
[2026-07-23T06:31:27.576Z] {"timestamp":1784788286129,"level":"DEBUG","args":["[vite] connected."],"stack":null}
[2026-07-23T06:31:29.403Z] {"timestamp":1784788288143,"level":"INFO","args":["%cDownload the React DevTools for a better development experience: https://react.dev/link/react-devtools","font-weight:bold"],"stack":null}
[2026-07-23T07:36:17.146Z] {"timestamp":1784792175139,"level":"DEBUG","args":["[Manus] Debug collector initialized (no rrweb, UI events only)"],"stack":null}
[2026-07-23T07:36:17.146Z] {"timestamp":1784792175150,"level":"DEBUG","args":["[vite] connected."],"stack":null}
[2026-07-23T07:36:17.146Z] {"timestamp":1784792175250,"level":"INFO","args":["%cDownload the React DevTools for a better development experience: https://react.dev/link/react-devtools","font-weight:bold"],"stack":null}
[2026-07-23T07:53:23.081Z] {"timestamp":1784793156972,"level":"DEBUG","args":["[vite]","hot updated: /src/index.css"],"stack":null}
[2026-07-23T07:53:23.081Z] {"timestamp":1784793156976,"level":"DEBUG","args":["[vite]","hot updated: /src/components/ServicesSection.tsx"],"stack":null}
[2026-07-23T07:53:23.081Z] {"timestamp":1784793157480,"level":"DEBUG","args":["[vite]","hot updated: /src/index.css"],"stack":null}
[2026-07-23T07:53:23.081Z] {"timestamp":1784793157480,"level":"DEBUG","args":["[vite]","hot updated: /src/components/ServicesSection.tsx"],"stack":null}
[2026-07-23T07:53:23.081Z] {"timestamp":1784793170901,"level":"DEBUG","args":["[vite]","hot updated: /src/index.css"],"stack":null}
[2026-07-23T07:53:23.081Z] {"timestamp":1784793170901,"level":"DEBUG","args":["[vite]","hot updated: /src/components/AppointmentBooking.tsx"],"stack":null}
[2026-07-23T08:13:09.524Z] {"timestamp":1784794377692,"level":"LOG","args":["[vite] server connection lost. Polling for restart..."],"stack":null}
[2026-07-23T08:14:49.785Z] {"timestamp":1784794487781,"level":"DEBUG","args":["[Manus] Debug collector initialized (no rrweb, UI events only)"],"stack":null}
[2026-07-23T08:14:49.785Z] {"timestamp":1784794487790,"level":"DEBUG","args":["[vite] connected."],"stack":null}
[2026-07-23T08:14:49.785Z] {"timestamp":1784794487856,"level":"INFO","args":["%cDownload the React DevTools for a better development experience: https://react.dev/link/react-devtools","font-weight:bold"],"stack":null}
[2026-07-23T08:17:25.786Z] {"timestamp":1784794645430,"level":"DEBUG","args":["[vite]","hot updated: /src/index.css"],"stack":null}
[2026-07-23T08:17:25.786Z] {"timestamp":1784794645430,"level":"DEBUG","args":["[vite]","hot updated: /src/components/ServicesSection.tsx"],"stack":null}
[2026-07-23T08:17:43.120Z] {"timestamp":1784794661105,"level":"DEBUG","args":["[Manus] Debug collector initialized (no rrweb, UI events only)"],"stack":null}
[2026-07-23T08:17:43.120Z] {"timestamp":1784794661117,"level":"DEBUG","args":["[vite] connected."],"stack":null}
[2026-07-23T08:17:43.120Z] {"timestamp":1784794661198,"level":"INFO","args":["%cDownload the React DevTools for a better development experience: https://react.dev/link/react-devtools","font-weight:bold"],"stack":null}
[2026-07-23T08:18:45.112Z] {"timestamp":1784794723512,"level":"DEBUG","args":["[vite]","hot updated: /src/index.css"],"stack":null}
[2026-07-23T08:18:45.112Z] {"timestamp":1784794723512,"level":"DEBUG","args":["[vite]","hot updated: /src/components/ServicesSection.tsx"],"stack":null}
[2026-07-23T08:20:21.755Z] {"timestamp":1784794821702,"level":"DEBUG","args":["[vite]","hot updated: /src/index.css"],"stack":null}
[2026-07-23T08:20:21.755Z] {"timestamp":1784794821703,"level":"DEBUG","args":["[vite]","hot updated: /src/components/ServicesSection.tsx"],"stack":null}
[2026-07-23T08:20:35.753Z] {"timestamp":1784794835695,"level":"DEBUG","args":["[vite]","hot updated: /src/index.css"],"stack":null}
[2026-07-23T08:20:35.753Z] {"timestamp":1784794835696,"level":"DEBUG","args":["[vite]","hot updated: /src/components/ServicesSection.tsx"],"stack":null}
[2026-07-23T08:24:22.762Z] {"timestamp":1784795040150,"level":"DEBUG","args":["[vite]","hot updated: /src/index.css"],"stack":null}
[2026-07-23T08:24:22.762Z] {"timestamp":1784795040151,"level":"DEBUG","args":["[vite]","hot updated: /src/components/ServicesSection.tsx"],"stack":null}
[2026-07-23T08:24:22.762Z] {"timestamp":1784795048408,"level":"DEBUG","args":["[vite]","hot updated: /src/index.css"],"stack":null}
[2026-07-23T08:24:22.762Z] {"timestamp":1784795048409,"level":"DEBUG","args":["[vite]","hot updated: /src/components/AppointmentBooking.tsx"],"stack":null}
[2026-07-23T08:29:55.371Z] {"timestamp":1784795383997,"level":"DEBUG","args":["[vite]","hot updated: /src/index.css"],"stack":null}
[2026-07-23T08:29:55.371Z] {"timestamp":1784795383997,"level":"DEBUG","args":["[vite]","hot updated: /src/components/ServicesSection.tsx"],"stack":null}
[2026-07-23T08:32:22.764Z] {"timestamp":1784795527649,"level":"DEBUG","args":["[vite]","hot updated: /src/index.css"],"stack":null}
[2026-07-23T08:32:22.764Z] {"timestamp":1784795527650,"level":"DEBUG","args":["[vite]","hot updated: /src/components/ServicesSection.tsx"],"stack":null}
[2026-07-23T08:32:28.799Z] {"timestamp":1784795546785,"level":"DEBUG","args":["[Manus] Debug collector initialized (no rrweb, UI events only)"],"stack":null}
[2026-07-23T08:32:28.799Z] {"timestamp":1784795546817,"level":"DEBUG","args":["[vite] connected."],"stack":null}
[2026-07-23T08:32:28.799Z] {"timestamp":1784795546881,"level":"INFO","args":["%cDownload the React DevTools for a better development experience: https://react.dev/link/react-devtools","font-weight:bold"],"stack":null}
[2026-07-23T08:33:54.795Z] {"timestamp":1784795633472,"level":"DEBUG","args":["[vite]","hot updated: /src/index.css"],"stack":null}
[2026-07-23T08:33:54.795Z] {"timestamp":1784795633473,"level":"DEBUG","args":["[vite]","hot updated: /src/components/ServicesSection.tsx"],"stack":null}
[2026-07-23T08:37:22.757Z] {"timestamp":1784795840426,"level":"DEBUG","args":["[vite]","hot updated: /src/index.css"],"stack":null}
[2026-07-23T08:37:22.757Z] {"timestamp":1784795840427,"level":"DEBUG","args":["[vite]","hot updated: /src/components/ServicesSection.tsx"],"stack":null}
[2026-07-23T08:43:00.798Z] {"timestamp":1784795887978,"level":"LOG","args":["[vite] server connection lost. Polling for restart..."],"stack":null}
[2026-07-23T08:43:06.214Z] {"timestamp":1784796183019,"level":"DEBUG","args":["[Manus] Debug collector initialized (no rrweb, UI events only)"],"stack":null}
[2026-07-23T08:43:08.070Z] {"timestamp":1784796186229,"level":"DEBUG","args":["[vite] connected."],"stack":null}
[2026-07-23T08:43:09.748Z] {"timestamp":1784796188176,"level":"INFO","args":["%cDownload the React DevTools for a better development experience: https://react.dev/link/react-devtools","font-weight:bold"],"stack":null}
[2026-07-23T08:43:25.648Z] {"timestamp":1784796203633,"level":"DEBUG","args":["[Manus] Debug collector initialized (no rrweb, UI events only)"],"stack":null}
[2026-07-23T08:43:25.648Z] {"timestamp":1784796203638,"level":"DEBUG","args":["[vite] connected."],"stack":null}
[2026-07-23T08:43:25.648Z] {"timestamp":1784796203693,"level":"INFO","args":["%cDownload the React DevTools for a better development experience: https://react.dev/link/react-devtools","font-weight:bold"],"stack":null}
[2026-07-23T08:48:22.766Z] {"timestamp":1784796466074,"level":"DEBUG","args":["[vite]","hot updated: /src/index.css"],"stack":null}
[2026-07-23T08:48:22.766Z] {"timestamp":1784796466075,"level":"DEBUG","args":["[vite]","hot updated: /src/components/GallerySection.tsx"],"stack":null}
[2026-07-23T08:48:22.769Z] {"timestamp":1784796465919,"level":"DEBUG","args":["[vite]","hot updated: /src/index.css"],"stack":null}
[2026-07-23T08:48:22.769Z] {"timestamp":1784796465920,"level":"DEBUG","args":["[vite]","hot updated: /src/components/GallerySection.tsx"],"stack":null}
[2026-07-23T08:49:22.760Z] {"timestamp":1784796519012,"level":"DEBUG","args":["[vite]","hot updated: /src/index.css"],"stack":null}
[2026-07-23T08:49:22.760Z] {"timestamp":1784796519013,"level":"DEBUG","args":["[vite]","hot updated: /src/components/GallerySection.tsx"],"stack":null}
[2026-07-23T08:49:22.764Z] {"timestamp":1784796519022,"level":"DEBUG","args":["[vite]","hot updated: /src/index.css"],"stack":null}
[2026-07-23T08:49:22.764Z] {"timestamp":1784796519022,"level":"DEBUG","args":["[vite]","hot updated: /src/components/GallerySection.tsx"],"stack":null}
[2026-07-23T08:53:22.764Z] {"timestamp":1784796743675,"level":"ERROR","args":["[vite]",{"type":"Error","message":"The requested module '/src/components/galleryImages.ts?t=1784796743147' does not provide an export named 'galleryCategories'","stack":"SyntaxError: The requested module '/src/components/galleryImages.ts?t=1784796743147' does not provide an export named 'galleryCategories'"}],"stack":"Error\n    at console.error (http://192.168.0.130:3000/__manus__/debug-collector.js:391:37)\n    at Object.error (http://192.168.0.130:3000/@vite/client:809:26)\n    at HMRClient.warnFailedUpdate (http://192.168.0.130:3000/@vite/client:180:78)\n    at HMRClient.fetchUpdate (http://192.168.0.130:3000/@vite/client:212:10)\n    at async Promise.all (index 1)\n    at async HMRClient.queueUpdate (http://192.168.0.130:3000/@vite/client:196:5)\n    at async Promise.all (index 0)\n    at async handleMessage (http://192.168.0.130:3000/@vite/client:838:4)"}
[2026-07-23T08:53:22.764Z] {"timestamp":1784796743686,"level":"ERROR","args":["[vite]","Failed to reload /src/components/GallerySection.tsx. This could be due to syntax errors or importing non-existent modules. (see errors above)"],"stack":"Error\n    at console.error (http://192.168.0.130:3000/__manus__/debug-collector.js:391:37)\n    at Object.error (http://192.168.0.130:3000/@vite/client:809:26)\n    at HMRClient.warnFailedUpdate (http://192.168.0.130:3000/@vite/client:181:15)\n    at HMRClient.fetchUpdate (http://192.168.0.130:3000/@vite/client:212:10)\n    at async Promise.all (index 1)\n    at async HMRClient.queueUpdate (http://192.168.0.130:3000/@vite/client:196:5)\n    at async Promise.all (index 0)\n    at async handleMessage (http://192.168.0.130:3000/@vite/client:838:4)"}
[2026-07-23T08:53:22.764Z] {"timestamp":1784796743692,"level":"DEBUG","args":["[vite]","hot updated: /src/index.css"],"stack":null}
[2026-07-23T08:53:22.764Z] {"timestamp":1784796743692,"level":"DEBUG","args":["[vite]","hot updated: /src/components/GallerySection.tsx"],"stack":null}
[2026-07-23T08:53:22.774Z] {"timestamp":1784796743506,"level":"ERROR","args":["[vite]",{"type":"Error","message":"The requested module '/src/components/galleryImages.ts?t=1784796743147' does not provide an export named 'galleryCategories'","stack":"SyntaxError: The requested module '/src/components/galleryImages.ts?t=1784796743147' does not provide an export named 'galleryCategories'"}],"stack":"Error\n    at console.<computed> [as error] (http://192.168.0.130:3000/__manus__/debug-collector.js:391:37)\n    at Object.error (http://192.168.0.130:3000/@vite/client:809:26)\n    at HMRClient.warnFailedUpdate (http://192.168.0.130:3000/@vite/client:180:78)\n    at HMRClient.fetchUpdate (http://192.168.0.130:3000/@vite/client:212:10)\n    at async Promise.all (index 1)\n    at async HMRClient.queueUpdate (http://192.168.0.130:3000/@vite/client:196:5)\n    at async Promise.all (index 0)\n    at async handleMessage (http://192.168.0.130:3000/@vite/client:838:4)"}
[2026-07-23T08:53:22.774Z] {"timestamp":1784796743512,"level":"ERROR","args":["[vite]","Failed to reload /src/components/GallerySection.tsx. This could be due to syntax errors or importing non-existent modules. (see errors above)"],"stack":"Error\n    at console.<computed> [as error] (http://192.168.0.130:3000/__manus__/debug-collector.js:391:37)\n    at Object.error (http://192.168.0.130:3000/@vite/client:809:26)\n    at HMRClient.warnFailedUpdate (http://192.168.0.130:3000/@vite/client:181:15)\n    at HMRClient.fetchUpdate (http://192.168.0.130:3000/@vite/client:212:10)\n    at async Promise.all (index 1)\n    at async HMRClient.queueUpdate (http://192.168.0.130:3000/@vite/client:196:5)\n    at async Promise.all (index 0)\n    at async handleMessage (http://192.168.0.130:3000/@vite/client:838:4)"}
[2026-07-23T08:53:22.774Z] {"timestamp":1784796743514,"level":"DEBUG","args":["[vite]","hot updated: /src/index.css"],"stack":null}
[2026-07-23T08:53:22.774Z] {"timestamp":1784796743514,"level":"DEBUG","args":["[vite]","hot updated: /src/components/GallerySection.tsx"],"stack":null}
[2026-07-23T08:54:22.760Z] {"timestamp":1784796812620,"level":"DEBUG","args":["[vite]","hot updated: /src/index.css"],"stack":null}
[2026-07-23T08:54:22.760Z] {"timestamp":1784796812621,"level":"DEBUG","args":["[vite]","hot updated: /src/components/GallerySection.tsx"],"stack":null}
[2026-07-23T08:54:22.760Z] {"timestamp":1784796812853,"level":"DEBUG","args":["[vite]","hot updated: /src/index.css"],"stack":null}
[2026-07-23T08:54:22.760Z] {"timestamp":1784796812854,"level":"DEBUG","args":["[vite]","hot updated: /src/components/GallerySection.tsx"],"stack":null}
[2026-07-23T08:54:22.771Z] {"timestamp":1784796812356,"level":"DEBUG","args":["[vite]","hot updated: /src/index.css"],"stack":null}
[2026-07-23T08:54:22.772Z] {"timestamp":1784796812356,"level":"DEBUG","args":["[vite]","hot updated: /src/components/GallerySection.tsx"],"stack":null}
[2026-07-23T08:54:22.772Z] {"timestamp":1784796812371,"level":"DEBUG","args":["[vite]","hot updated: /src/index.css"],"stack":null}
[2026-07-23T08:54:22.772Z] {"timestamp":1784796812372,"level":"DEBUG","args":["[vite]","hot updated: /src/components/GallerySection.tsx"],"stack":null}
[2026-07-23T08:57:22.757Z] {"timestamp":1784797042484,"level":"DEBUG","args":["[vite]","hot updated: /src/index.css"],"stack":null}
[2026-07-23T08:57:22.757Z] {"timestamp":1784797042485,"level":"DEBUG","args":["[vite]","hot updated: /src/components/GallerySection.tsx"],"stack":null}
[2026-07-23T08:58:22.756Z] {"timestamp":1784797042822,"level":"DEBUG","args":["[vite]","hot updated: /src/index.css"],"stack":null}
[2026-07-23T08:58:22.756Z] {"timestamp":1784797042822,"level":"DEBUG","args":["[vite]","hot updated: /src/components/GallerySection.tsx"],"stack":null}
[2026-07-23T08:59:47.774Z] {"timestamp":1784797186480,"level":"DEBUG","args":["[vite]","hot updated: /src/index.css"],"stack":null}
[2026-07-23T08:59:47.774Z] {"timestamp":1784797186480,"level":"DEBUG","args":["[vite]","hot updated: /src/components/GallerySection.tsx"],"stack":null}
[2026-07-23T09:00:22.772Z] {"timestamp":1784797186633,"level":"DEBUG","args":["[vite]","hot updated: /src/index.css"],"stack":null}
[2026-07-23T09:00:22.772Z] {"timestamp":1784797186634,"level":"DEBUG","args":["[vite]","hot updated: /src/components/GallerySection.tsx"],"stack":null}
[2026-07-23T09:02:17.759Z] {"timestamp":1784797336737,"level":"ERROR","args":["[vite]","Failed to reload /src/components/GallerySection.tsx. This could be due to syntax errors or importing non-existent modules. (see errors above)"],"stack":"Error\n    at console.<computed> [as error] (http://192.168.0.130:3000/__manus__/debug-collector.js:391:37)\n    at Object.error (http://192.168.0.130:3000/@vite/client:809:26)\n    at HMRClient.warnFailedUpdate (http://192.168.0.130:3000/@vite/client:181:15)\n    at HMRClient.fetchUpdate (http://192.168.0.130:3000/@vite/client:212:10)\n    at async Promise.all (index 1)\n    at async HMRClient.queueUpdate (http://192.168.0.130:3000/@vite/client:196:5)\n    at async Promise.all (index 0)\n    at async handleMessage (http://192.168.0.130:3000/@vite/client:838:4)"}
[2026-07-23T09:02:17.759Z] {"timestamp":1784797336741,"level":"DEBUG","args":["[vite]","hot updated: /src/index.css"],"stack":null}
[2026-07-23T09:02:17.759Z] {"timestamp":1784797336741,"level":"DEBUG","args":["[vite]","hot updated: /src/components/GallerySection.tsx"],"stack":null}
[2026-07-23T09:02:22.768Z] {"timestamp":1784797337147,"level":"ERROR","args":["[vite]","Failed to reload /src/components/GallerySection.tsx. This could be due to syntax errors or importing non-existent modules. (see errors above)"],"stack":"Error\n    at console.error (http://192.168.0.130:3000/__manus__/debug-collector.js:391:37)\n    at Object.error (http://192.168.0.130:3000/@vite/client:809:26)\n    at HMRClient.warnFailedUpdate (http://192.168.0.130:3000/@vite/client:181:15)\n    at HMRClient.fetchUpdate (http://192.168.0.130:3000/@vite/client:212:10)\n    at async Promise.all (index 1)\n    at async HMRClient.queueUpdate (http://192.168.0.130:3000/@vite/client:196:5)\n    at async Promise.all (index 0)\n    at async handleMessage (http://192.168.0.130:3000/@vite/client:838:4)"}
[2026-07-23T09:02:22.768Z] {"timestamp":1784797337152,"level":"DEBUG","args":["[vite]","hot updated: /src/index.css"],"stack":null}
[2026-07-23T09:02:22.768Z] {"timestamp":1784797337153,"level":"DEBUG","args":["[vite]","hot updated: /src/components/GallerySection.tsx"],"stack":null}
[2026-07-23T09:03:21.638Z] {"timestamp":1784797359563,"level":"DEBUG","args":["[vite]","hot updated: /src/index.css"],"stack":null}
[2026-07-23T09:03:21.638Z] {"timestamp":1784797359563,"level":"DEBUG","args":["[vite]","hot updated: /src/components/GallerySection.tsx"],"stack":null}
[2026-07-23T09:03:22.766Z] {"timestamp":1784797359787,"level":"DEBUG","args":["[vite]","hot updated: /src/index.css"],"stack":null}
[2026-07-23T09:03:22.766Z] {"timestamp":1784797359787,"level":"DEBUG","args":["[vite]","hot updated: /src/components/GallerySection.tsx"],"stack":null}
[2026-07-23T09:03:32.303Z] {"timestamp":1784797410283,"level":"DEBUG","args":["[Manus] Debug collector initialized (no rrweb, UI events only)"],"stack":null}
[2026-07-23T09:03:32.303Z] {"timestamp":1784797410301,"level":"DEBUG","args":["[vite] connected."],"stack":null}
[2026-07-23T09:03:32.303Z] {"timestamp":1784797410374,"level":"INFO","args":["%cDownload the React DevTools for a better development experience: https://react.dev/link/react-devtools","font-weight:bold"],"stack":null}
[2026-07-23T09:05:06.288Z] {"timestamp":1784797504454,"level":"DEBUG","args":["[vite]","hot updated: /src/index.css"],"stack":null}
[2026-07-23T09:05:06.288Z] {"timestamp":1784797504454,"level":"DEBUG","args":["[vite]","hot updated: /src/components/GallerySection.tsx"],"stack":null}
[2026-07-23T09:05:22.756Z] {"timestamp":1784797504586,"level":"DEBUG","args":["[vite]","hot updated: /src/index.css"],"stack":null}
[2026-07-23T09:05:22.756Z] {"timestamp":1784797504586,"level":"DEBUG","args":["[vite]","hot updated: /src/components/GallerySection.tsx"],"stack":null}
[2026-07-23T09:05:40.302Z] {"timestamp":1784797539573,"level":"DEBUG","args":["[vite]","hot updated: /src/index.css"],"stack":null}
[2026-07-23T09:05:40.302Z] {"timestamp":1784797539574,"level":"DEBUG","args":["[vite]","hot updated: /src/components/GallerySection.tsx"],"stack":null}
[2026-07-23T09:06:22.748Z] {"timestamp":1784797539666,"level":"DEBUG","args":["[vite]","hot updated: /src/index.css"],"stack":null}
[2026-07-23T09:06:22.748Z] {"timestamp":1784797539666,"level":"DEBUG","args":["[vite]","hot updated: /src/components/GallerySection.tsx"],"stack":null}
[2026-07-23T09:08:22.775Z] {"timestamp":1784797654960,"level":"DEBUG","args":["[vite]","hot updated: /src/index.css"],"stack":null}
[2026-07-23T09:08:22.775Z] {"timestamp":1784797654963,"level":"DEBUG","args":["[vite]","hot updated: /src/components/GallerySection.tsx"],"stack":null}
[2026-07-23T09:08:22.781Z] {"timestamp":1784797655153,"level":"DEBUG","args":["[vite]","hot updated: /src/index.css"],"stack":null}
[2026-07-23T09:08:22.781Z] {"timestamp":1784797655153,"level":"DEBUG","args":["[vite]","hot updated: /src/components/GallerySection.tsx"],"stack":null}
[2026-07-23T09:08:50.854Z] {"timestamp":1784797727379,"level":"DEBUG","args":["[Manus] Debug collector initialized (no rrweb, UI events only)"],"stack":null}
[2026-07-23T09:08:52.241Z] {"timestamp":1784797730902,"level":"DEBUG","args":["[vite] connected."],"stack":null}
[2026-07-23T09:08:53.385Z] {"timestamp":1784797732863,"level":"INFO","args":["%cDownload the React DevTools for a better development experience: https://react.dev/link/react-devtools","font-weight:bold"],"stack":null}
[2026-07-23T09:09:22.767Z] {"timestamp":1784797715557,"level":"LOG","args":["[vite] server connection lost. Polling for restart..."],"stack":null}
[2026-07-23T09:09:22.781Z] {"timestamp":1784797715559,"level":"LOG","args":["[vite] server connection lost. Polling for restart..."],"stack":null}
